State,County,Urban,TOTALPOP,PERCENT_LOWA_Pop,LOWA_POP,PERCENT_LOWI,LOWI,PERCENT_HUNV,HUNV,PERCENT_KIDS,KIDS,PERCENT_SENIORS,SENIORS
AL,Autauga,Yes,1892,43.9,830,10,191,3.5,24,14,265,4.7,89
AL,Baldwin,Yes,3724,44.2,1645,10.3,382,4.8,62,14.8,552,4.5,167
AL,Barbour,No,4342,11.9,515,2.7,81,2.3,28,3.7,159,2,85
AL,Bullock,No,1705,84.1,1434,33.3,567,14.6,99,25.1,428,13,221
AL,Butler,No,1693,42.7,724,10.9,181,1,6,12.8,216,6.9,117
AL,Calhoun,Yes,2777,50.5,1402,14.6,422,5.2,60,11.8,328,7.9,219
AL,Chambers,Yes,1455,59.3,863,11.9,179,11.6,64,14.1,206,9.2,134
AL,Choctaw,No,3883,73.8,2865,23.5,910,13,201,21.5,835,10.1,393
AL,Clarke,No,6076,15.2,922,5.9,356,2.2,51,4.6,280,1.7,105
AL,Colbert,Yes,3779,17.4,658,1.9,73,0.9,16,3.5,133,4.1,154
AL,Conecuh,No,3580,35.5,1270,11.7,417,3.7,55,8.6,306,5.7,205
AL,Covington,No,1666,40.2,670,5.7,96,0.9,6,8.6,143,7.7,128
AL,Crenshaw,No,1855,80,1485,23.1,437,11.7,89,20.9,387,12.4,230
AL,Dale,No,3847,20.8,800,4.3,167,1.2,19,5.4,207,3.2,122
AL,Dallas,Yes,4046,43.1,1744,19.1,772,11,170,13.7,555,6.5,262
AL,Escambia,No,5848,15.8,926,3,174,1.5,36,3.6,210,2.6,149
AL,Etowah,Yes,3900,64.1,2499,15.8,602,4.6,70,15.2,594,12.7,494
AL,Greene,No,1900,73.7,1400,24.1,457,9.1,69,20.2,384,11.5,218
AL,Jefferson,Yes,4744,69.3,3286,17.2,789,5.2,93,20.7,980,8.4,398
AL,Lauderdale,Yes,2807,18.9,530,3.8,98,1,13,3.6,102,4.6,128
AL,Lee,Yes,6413,41.5,2662,8.4,535,1,25,8,516,5.8,372
AL,Limestone,Yes,2775,65.2,1810,14.5,355,8.2,89,15.8,438,15.3,423
AL,Lowndes,No,3949,13.3,527,2.9,111,1.2,17,3.4,135,1.8,72
AL,Macon,Yes,1582,64.9,1027,31.8,555,16.9,113,23.7,374,7.1,112
AL,Madison,Yes,2651,41.2,1092,9.3,181,4.2,44,7.3,193,2.9,76
AL,Marengo,No,2202,32,705,10.3,226,5.6,47,7.2,158,5.8,127
AL,Mobile,Yes,2092,100,2092,80.6,1575,65.6,439,53.6,1121,3.7,78
AL,Monroe,No,1613,100,1613,33.2,536,19,121,27.4,442,17.7,285
AL,Montgomery,Yes,1677,46,771,25.2,385,32.6,196,20.4,341,1.9,33
AL,Morgan,Yes,4462,37.1,1656,11.2,468,7.3,129,11,492,5,223
AL,Perry,No,1334,35.1,468,7.2,99,2.8,15,7.9,105,6.1,81
AL,Pickens,No,6156,8.8,545,2.1,126,1.4,32,2.6,162,1.4,86
AL,Russell,Yes,5376,40.6,2180,9.1,461,4.4,88,12.9,693,3.9,210
AL,Sumter,No,1021,99.9,1020,39,395,19.1,71,31.1,318,17.4,178
AL,Tuscaloosa,Yes,1948,31,603,18.5,194,17.8,112,0.8,16,8.8,171
AL,Wilcox,No,1684,67.8,1142,30.9,531,18,103,23.7,399,7.3,123
AZ,Apache,No,1809,100,1809,41.2,746,12,54,42.4,767,9.3,169
AZ,Cochise,No,2274,97.6,2220,22.9,520,4.3,41,22.5,511,19.7,449
AZ,Coconino,Yes,8669,26.9,2333,3.5,295,0.5,17,8.6,749,1.5,129
AZ,Gila,No,1497,75.8,1135,12.3,176,2.2,15,15.2,228,16.7,250
AZ,Graham,No,4601,100,4601,48.4,2218,26.7,275,45.8,2105,3.6,166
AZ,La Paz,No,2666,99.8,2661,26,690,3.8,45,19.1,508,32.2,859
AZ,Maricopa,No,2196,99.5,2184,25.8,561,7,51,31.3,688,10.3,226
AZ,Mohave,No,1323,37.2,492,13.5,172,9.2,31,16.3,215,1.1,15
AZ,Navajo,No,3442,40.4,1390,22.8,747,15,130,19.2,662,1.4,48
AZ,Pima,Yes,3229,55.4,1790,19.7,615,9.9,175,6.4,206,2.9,93
AZ,Pinal,Yes,12309,32.6,4012,2.7,328,1.3,66,9.4,1157,4.9,609
AZ,Santa Cruz,Yes,3645,16.3,596,4.3,155,0.5,5,4.8,175,2.4,86
AZ,Yavapai,No,1891,99.3,1877,20.9,396,7,55,24.1,457,14.8,280
AZ,Yuma,Yes,3839,48.1,1845,11.4,436,6.3,76,16.9,648,7.2,276
AR,Ashley,No,2457,78.2,1921,18.2,444,12.2,111,23.2,569,11.2,275
AR,Benton,Yes,3490,15.7,548,3.3,110,0.9,13,5,174,1.4,47
AR,Bradley,No,3465,23.7,822,7.6,263,2.7,34,3.9,135,3.7,129
AR,Carroll,No,7189,13.1,939,2,141,0.3,8,3.4,246,1.9,137
AR,Crittenden,Yes,4173,14,584,4.7,194,1.7,22,6.3,262,0.2,7
AR,Desha,No,2122,73.6,1562,20.1,424,8,67,17.9,380,11.9,252
AR,Fulton,No,5779,22.9,1326,3.8,218,1.2,27,5.4,312,3.5,203
AR,Garland,Yes,2640,100,2640,28.9,612,26.1,265,18.4,487,20.6,545
AR,Hempstead,No,3093,44.5,1377,9.7,299,3.7,44,11.4,353,7,218
AR,Hot Spring,Yes,3302,17.4,574,4.1,136,1.4,18,5,164,2.8,92
AR,Howard,Yes,4866,10.4,508,1.6,73,0.8,15,2.6,125,1.5,75
AR,Lafayette,No,3122,50.5,1576,14.3,439,8.7,113,15.3,479,8.5,265
AR,Lawrence,No,1992,26.4,525,5.9,118,1.2,9,6.7,133,3.9,78
AR,Lincoln,No,4443,66.5,2954,10.5,250,4.4,39,6.6,292,3.1,136
AR,Lonoke,No,1445,45.7,660,8.1,116,4.6,25,12.6,182,6.5,94
AR,Miller,Yes,3134,48.4,1517,15.5,396,5.5,52,11,343,3.4,108
AR,Mississippi,Yes,4421,38.6,1706,17,750,9,144,12.3,546,4.2,186
AR,Nevada,No,1794,66.9,1200,13.2,237,8.3,60,15.2,272,10.7,192
AR,Newton,No,4565,41,1873,9.6,433,4.8,89,9.9,453,6.6,303
AR,Ouachita,No,2895,31.5,913,6.7,192,3.8,47,6.1,177,7.2,207
AR,Phillips,No,6910,52.4,3619,14.1,969,9,230,15.6,1080,9.7,667
AR,Pike,No,2480,44.1,1093,8.8,217,3.1,31,10,247,7.3,181
AR,Poinsett,Yes,2808,84.4,2370,29.1,788,17.4,196,23.4,656,15.2,426
AR,Polk,No,2754,47.4,1306,8.8,240,2.4,26,12.5,345,6.5,179
AR,Pope,No,4381,13.9,609,3,132,0.5,8,4,173,1.6,68
AR,Pulaski,Yes,2018,76.1,1535,27.1,576,19.2,139,24.5,495,10.6,213
AR,St. Francis,Yes,4493,28.8,1295,12.2,546,8.9,149,13.8,622,1.9,84
AR,Scott,Yes,4167,31.5,1313,7.6,306,3.4,57,8.2,343,4.2,173
AR,Searcy,No,2404,71.2,1712,17.1,410,5,49,17.4,418,11.9,285
AR,Sebastian,Yes,5600,25.6,1433,7,385,4.4,85,8,449,3.4,188
AR,Sevier,Yes,5792,15.7,908,4,225,1.4,27,4.7,270,1.6,94
AR,Stone,No,3842,38.6,1482,7.5,289,2.6,42,8.3,321,7.4,284
AR,Union,No,4124,31.7,1308,6.5,268,3.2,53,7.8,322,4.5,184
AR,Van Buren,No,3291,31.6,1039,6.2,203,1.7,23,7.4,244,5.7,188
AR,Washington,Yes,6972,49.3,3435,7.9,546,2.6,69,14,979,4.6,322
AR,White,Yes,3494,17.8,621,3.1,109,1.4,21,4.3,151,2.2,77
AR,Woodruff,No,5438,10.9,595,2.7,147,1.2,25,2.6,144,1.9,102
AR,Yell,No,4914,17.4,856,3.4,157,1.7,28,4.2,204,2.9,144
CA,Alameda,Yes,3734,100,3734,20.8,771,20,287,24.2,904,7.3,271
CA,Butte,Yes,3700,20.5,760,2,74,1,15,5.5,204,1.5,55
CA,Colusa,No,4433,96.9,4297,12.1,533,5.5,74,32.5,1443,9,399
CA,Contra Costa,Yes,3355,100,3355,12,400,5,78,17.8,596,18.6,623
CA,Del Norte,Yes,3784,38.1,1442,12.6,459,9.8,150,12.5,473,5.1,192
CA,El Dorado,Yes,5805,81.8,4746,9.9,565,9.3,228,20.5,1191,5.8,334
CA,Fresno,Yes,4110,45.4,1864,12.8,515,8.8,99,15.7,646,5.2,214
CA,Glenn,Yes,7341,11.5,841,1.9,136,0.8,21,3,223,1.6,120
CA,Humboldt,Yes,4108,65.9,2707,17.1,637,18.5,328,15,615,10.4,426
CA,Imperial,No,9586,63.3,6073,8.4,464,4.9,89,5.4,522,4.4,421
CA,Kern,Yes,7843,21.1,1653,1.6,123,0.8,24,6.1,475,2.3,176
CA,Kings,Yes,4066,13.8,560,1.6,65,0.1,1,4.8,197,0.7,28
CA,Lake,Yes,5690,18.6,1056,3.2,176,2,46,5,286,3,173
CA,Lassen,No,5554,91.7,5090,17.1,290,4.2,28,6.3,352,3.5,196
CA,Los Angeles,Yes,5713,100,5713,15.6,889,7.5,150,29.7,1697,5.5,317
CA,Madera,Yes,7510,58.3,4377,13.8,1034,2.8,58,21.8,1639,3.7,281
CA,Marin,Yes,4959,74.7,3705,4.5,223,4.6,96,17,843,5.4,267
CA,Mariposa,No,2265,39.1,885,8.2,178,2,10,6.3,143,2.2,49
CA,Mendocino,No,4005,29.9,1199,6.5,259,1.6,26,7.1,285,2.5,102
CA,Merced,No,1166,56,652,10.2,118,2.9,11,17,198,7.3,85
CA,Modoc,No,1965,49.2,968,10.4,203,5.7,43,11.8,231,9.4,185
CA,Monterey,No,3323,95.7,3180,14.1,463,4,46,28.5,948,8.9,296
CA,Orange,Yes,302,91.2,275,39,86,0,0,30.4,92,4.2,13
CA,Placer,Yes,3034,59.3,1798,12.3,351,5.9,64,18.6,565,4.9,148
CA,Plumas,No,2929,21.3,624,2.8,81,0.1,1,1.6,47,0.7,21
CA,Riverside,Yes,7907,88.5,6995,16.9,1327,7,158,31.7,2503,5.8,461
CA,Sacramento,Yes,4229,42.6,1801,21.6,913,11.9,202,17.7,747,4.5,192
CA,San Bernardino,Yes,7938,34.8,2764,8.4,654,5.6,109,12.6,1003,2.1,166
CA,San Diego,Yes,8096,17,1373,2.8,225,2.7,71,3.6,295,3.2,263
CA,San Francisco,Yes,1453,100,1453,26.3,380,7.8,38,9.6,139,0.6,8
CA,San Joaquin,Yes,6751,34.9,2354,5.1,342,1.4,24,11.4,773,2.1,144
CA,San Luis Obispo,Yes,7124,13.6,966,1.7,124,1.1,27,3.1,224,1.6,111
CA,San Mateo,Yes,3890,100,3890,9.5,367,10.2,99,27.3,1061,11.7,455
CA,Santa Barbara,No,1349,87.3,1178,19,256,6.9,32,28,378,8.5,115
CA,Santa Clara,Yes,9263,100,9263,16.4,1512,5,117,29.5,2733,3.9,361
CA,Shasta,Yes,4134,50.4,2084,7.3,293,1.4,22,13.5,556,7.9,328
CA,Siskiyou,No,1884,99.8,1881,21.8,410,8.2,59,28.4,536,14.8,279
CA,Solano,Yes,3261,100,3261,16.3,533,15.9,179,30.3,987,12.2,398
CA,Sonoma,Yes,7939,33.1,2626,5.5,431,2.6,75,9.5,752,2.8,225
CA,Stanislaus,Yes,5652,79.5,4493,19.9,1165,9.6,149,28.9,1635,5.8,330
CA,Sutter,Yes,6129,31.4,1924,9.6,587,4.7,89,12.7,777,1.5,91
CA,Tehama,No,4636,14.3,664,2.5,114,0.6,11,3.1,144,2.4,113
CA,Trinity,No,7261,13.5,983,1.9,132,0.6,19,2.3,165,3.2,231
CA,Tulare,Yes,7905,13.3,1053,3.8,300,1.1,20,4.2,333,1.7,131
CA,Tuolumne,Yes,7596,97,7367,13.9,1053,4,127,21.6,1644,20.5,1554
CA,Ventura,Yes,1618,100,1618,13.6,225,7.2,47,24.4,394,29.7,481
CA,Yolo,Yes,8683,30,2601,8,685,1.5,48,6.2,537,1.8,153
CA,Yuba,Yes,3772,100,3772,20.2,754,14.1,168,33.7,1271,10.3,387
CO,Adams,Yes,1050,43.2,454,6.2,66,1.4,5,14.7,154,1.5,16
CO,Alamosa,Yes,6810,18.5,1262,4.6,274,1.2,29,5.6,383,1.2,80
CO,Arapahoe,Yes,2517,100,2517,12.6,315,12.6,143,21.7,545,19.3,485
CO,Archuleta,No,1123,67.6,759,8.1,91,2.3,11,18.6,209,9.5,107
CO,Baca,No,2289,99.5,2278,17.8,403,3.5,32,26.2,599,20.5,470
CO,Bent,No,5998,16,961,3.1,156,0.5,10,4.7,283,2,118
CO,Boulder,Yes,6332,17.9,1132,2.1,131,0.6,13,5.9,375,1,64
CO,Cheyenne,No,2231,33.6,750,4.4,96,1.6,14,8.9,198,6.9,154
CO,Conejos,No,586,50.4,295,13.9,82,3.9,9,12.4,73,10.6,62
CO,Costilla,No,1651,100,1651,26,426,6.3,40,27.4,453,15.9,262
CO,Crowley,No,5518,62.8,3465,12.8,452,6.1,83,13.2,730,8,441
CO,Custer,No,3503,31.4,1100,4,140,0.7,11,6.9,241,3.9,137
CO,Denver,Yes,6412,30.3,1943,12.6,791,11.9,230,10.6,679,1,67
CO,Elbert,No,1880,91.7,1724,9.8,181,2.5,17,26.6,500,14.5,273
CO,El Paso,Yes,3146,100,3146,11.7,357,8.9,120,22.4,706,17.4,548
CO,Fremont,Yes,3574,45.2,1616,5.5,190,6.5,100,10.1,360,3.6,127
CO,Hinsdale,No,790,100,790,7.2,57,4.7,17,19.5,154,11.6,92
CO,Huerfano,No,2401,67.7,1626,10,231,3.6,38,14.9,358,10.7,256
CO,Kiowa,No,1622,100,1622,12.2,195,5.6,37,25.9,420,17.6,285
CO,Kit Carson,Yes,5151,43.3,2230,4.9,228,1.2,23,10.3,531,4,204
CO,Larimer,Yes,4907,57.3,2811,10.3,505,4.3,90,11.7,576,4.5,219
CO,Las Animas,No,3898,26.9,1047,6.6,260,4.4,71,5.9,230,5.3,207
CO,Logan,No,1100,98.8,1087,8.9,98,2.1,9,27.5,303,15.3,168
CO,Mesa,Yes,5845,83.4,4875,8.3,469,2,39,25.1,1464,9.4,552
CO,Mineral,No,831,96.9,806,9.9,82,3.8,14,20.3,169,15.5,129
CO,Moffat,No,849,100,849,16.5,144,4.8,16,26.5,225,12,102
CO,Montezuma,No,1513,91.8,1389,33.7,504,13.2,61,37.5,567,3.2,48
CO,Montrose,No,6429,30.2,1944,4.8,300,1.6,35,8.8,565,4.4,280
CO,Otero,Yes,5437,17,922,4,209,1.4,29,5.5,297,1.6,87
CO,Park,No,1828,87.5,1599,12.1,218,3.7,30,15.7,287,13.5,247
CO,Prowers,Yes,5264,19.2,1012,2.7,139,0.8,17,4.6,241,2.4,124
CO,Pueblo,Yes,4810,32.8,1578,11.8,568,6.9,121,11.7,561,3.2,152
CO,Rio Grande,Yes,5761,30.9,1782,4.2,236,2.6,56,8.9,510,5.6,321
CO,Saguache,No,2546,99.2,2527,21.5,542,5.4,64,20.7,528,12.8,326
CO,San Juan,No,558,99.4,555,20.8,114,8.1,22,20,111,7,39
CO,Sedgwick,No,2747,19.1,524,2.1,56,0.2,2,4.3,117,3.5,95
CO,Weld,Yes,1218,75.5,920,18.8,170,13.5,33,24.9,303,4.9,59
CT,Fairfield,Yes,3122,27,844,8.3,254,8.5,80,6.7,209,1.4,43
CT,Hartford,Yes,5275,40.1,2117,2.9,152,0.2,3,9.9,521,4.5,237
CT,Litchfield,Yes,2426,22,534,2.7,65,1.8,19,4.4,107,3.4,83
CT,New Haven,Yes,6040,11.5,697,0.8,47,0.5,12,2.1,126,3.4,208
CT,New London,Yes,4519,64.2,2903,7.8,350,6.7,130,14.3,646,11.5,520
CT,Tolland,Yes,6278,100,6278,12.1,748,12.1,325,26.3,1649,10.8,679
CT,Windham,Yes,5886,46.7,2747,4.2,235,3.3,74,11.4,669,5.7,337
DE,Kent,Yes,3477,52.1,1811,3,102,2.4,32,14.4,499,6.7,232
DE,New Castle,Yes,3743,100,3743,16.9,628,21.3,283,31.3,1171,7.2,269
DE,Sussex,Yes,9259,77,7131,4.6,420,2.8,116,12.1,1123,23.2,2148
DC,District of Columbia,Yes,2133,100,2133,17.7,371,34.2,302,24.5,523,12.9,276
FL,Alachua,Yes,5895,55.3,3262,15.1,882,7.9,172,19.8,1166,3.8,225
FL,Bay,No,6988,47.7,3331,11.4,719,2.9,67,13,907,4.6,321
FL,Brevard,Yes,4655,39.8,1851,7.7,328,2.1,37,7.8,365,11.9,555
FL,Broward,Yes,10162,26.8,2723,3.9,379,3.5,142,6.4,655,3.1,320
FL,Charlotte,Yes,7024,17.1,1204,2.6,179,1.9,64,1.9,135,7,489
FL,Citrus,Yes,8317,27.3,2270,3.1,255,2.1,91,2.5,205,15.5,1291
FL,Clay,Yes,4611,100,4611,22.7,954,14.4,238,25.5,1174,15.9,735
FL,Collier,Yes,6469,61.6,3987,6.9,440,1.6,32,17,1098,3,194
FL,Columbia,No,6826,7.4,503,2.3,112,0.7,14,1.7,116,0.9,61
FL,Dixie,No,3675,23.9,879,3.7,135,2.3,35,3.6,133,6.9,254
FL,Duval,Yes,2676,34.2,915,11.8,317,8.8,87,11.8,316,4.5,121
FL,Glades,No,5669,10.9,616,1.8,101,0.5,10,2.7,151,1.5,83
FL,Hamilton,No,4024,25.6,1031,6.4,255,1.8,27,6.1,245,3.4,136
FL,Hardee,No,7931,12.6,998,0.7,48,0.1,1,0.4,31,0.1,10
FL,Hendry,No,6926,9.1,632,1.8,122,0.2,3,2.5,176,0.9,62
FL,Hernando,Yes,3375,43.6,1471,5.4,181,4.1,64,6.3,213,24.3,819
FL,Highlands,Yes,2773,100,2773,21.7,534,16.4,159,23.4,649,16.7,463
FL,Hillsborough,Yes,7754,33,2555,6.6,510,4.7,152,9.7,749,2,154
FL,Holmes,No,5003,57.2,2861,11.2,550,4.7,97,14.5,726,8.5,425
FL,Indian River,Yes,5123,100,5123,29.6,1484,20,367,33.3,1706,10.7,549
FL,Leon,Yes,3643,29.2,1065,6.2,229,3.3,42,8.9,326,2,72
FL,Levy,No,2992,56.2,1681,7.5,202,3,36,10.9,325,11.6,346
FL,Liberty,No,5331,19.5,1040,4.3,169,1.1,16,3.1,163,1.4,74
FL,Manatee,Yes,8995,18.3,1649,2.4,210,0.9,29,2.7,247,7.3,660
FL,Marion,No,3437,68.9,2367,12.2,419,5.7,95,9.9,341,22.5,773
FL,Martin,Yes,2282,34.8,794,8.5,186,2.6,23,10.3,234,4.7,107
FL,Miami-Dade,Yes,9426,17.3,1631,4.5,405,3.5,106,4.6,436,3.1,291
FL,Okaloosa,Yes,5472,92.5,5062,18.6,1013,7.6,162,26.7,1463,12.8,700
FL,Osceola,Yes,5321,17.5,933,2,103,0.8,15,4.7,249,1.4,75
FL,Palm Beach,Yes,3156,28,884,2.1,64,2.8,34,2.9,91,8.9,282
FL,Pasco,Yes,7263,22,1598,2,146,1.9,66,3.7,265,7.6,554
FL,Pinellas,Yes,2538,67.5,1714,13.9,352,10.4,118,13.9,352,9.3,236
FL,Putnam,No,8877,7.2,638,0.9,76,0,1,1.7,153,1.3,112
FL,St. Johns,Yes,2811,70.1,1970,16.8,482,7.4,74,19.4,545,9.2,257
FL,St. Lucie,Yes,6288,46.2,2906,29,1816,12.3,254,20.1,1267,4.1,256
FL,Santa Rosa,Yes,6093,32.5,1983,7.3,423,2.5,58,10.4,636,3.3,203
FL,Sarasota,Yes,3926,49.2,1932,16.9,638,10.5,153,14.8,582,6.9,269
FL,Seminole,Yes,3110,100,3110,16.6,500,6.7,74,27.7,860,15.3,476
FL,Suwannee,No,6747,34,2295,4.6,301,5.1,140,5.6,380,13.5,908
FL,Taylor,Yes,6006,56.1,3372,14.8,849,8.2,186,14.3,857,9.3,556
FL,Volusia,Yes,6019,30.8,1855,5.1,307,1.9,48,5.1,308,8.2,496
FL,Walton,No,7743,19.2,1483,3.3,254,1.5,47,5,388,2.3,177
GA,Appling,No,2882,30.2,871,3.3,94,0.5,5,8.5,246,3.7,107
GA,Atkinson,No,2121,90.6,1922,21,444,7.5,58,26.8,569,9.8,209
GA,Baker,No,2643,74.3,1965,18.9,502,5.2,51,20.8,550,10,265
GA,Barrow,Yes,6098,33.9,2066,3.6,214,2,47,8.2,500,5.2,314
GA,Bartow,Yes,2911,97.6,2841,11.2,310,2.6,27,26.5,770,7.1,208
GA,Berrien,No,1515,86.8,1315,9.4,142,7.5,45,21.6,328,12.6,190
GA,Bibb,Yes,5059,13.3,672,2.4,115,0.7,13,3.9,199,1.6,79
GA,Brantley,No,5231,37.4,1957,5.5,285,1.4,26,11.8,617,2.4,125
GA,Brooks,No,1675,59.7,1001,15.3,255,5.2,34,14.2,237,9.2,154
GA,Bulloch,No,3754,54.7,2052,10.9,407,4.3,59,15.7,591,6.2,232
GA,Burke,No,4828,17.6,848,3.5,169,1.5,25,5.1,245,1.3,62
GA,Camden,Yes,3928,59.5,2337,3.5,79,1.8,12,14.5,568,0.1,3
GA,Catoosa,Yes,4118,87.2,3591,11.6,474,3,54,19.8,814,12.2,503
GA,Charlton,No,2287,51.1,1168,8.8,194,3.5,29,14.8,338,4.7,107
GA,Chatham,Yes,4034,100,4034,35.8,1440,41.6,644,31.9,1285,18.2,735
GA,Chattahoochee,No,2832,99.8,2826,21.3,599,8.9,95,29.2,828,8.9,251
GA,Chattooga,Yes,6715,61.1,4106,9,600,2.9,77,16.3,1095,6.8,459
GA,Cherokee,Yes,2292,37.5,860,2.3,51,0.6,5,9.6,220,3.7,84
GA,Clayton,Yes,8029,82.9,6657,7.5,601,7.2,242,24.6,1974,1.9,152
GA,Cobb,Yes,9504,67.7,6432,16.3,1533,7.6,284,15.4,1468,1.2,117
GA,Coffee,No,3402,32,1088,4.2,143,2.7,35,7.8,264,4,136
GA,Colquitt,No,4339,30.5,1324,3.9,168,2.9,44,7.7,336,3,130
GA,Crisp,No,7702,14.2,1097,3,228,0.8,21,2.8,217,2.5,191
GA,Decatur,No,3657,16,586,2.5,90,0.3,4,3.9,143,2.4,87
GA,DeKalb,Yes,2714,48.8,1326,8.3,228,11.6,115,9.4,256,7.8,212
GA,Dooly,No,4533,77.7,3521,18.1,610,12.9,173,14.7,668,7.5,338
GA,Dougherty,Yes,6532,8.8,572,2.6,169,0.7,16,3,198,0.8,54
GA,Douglas,Yes,7099,94.5,6707,17.4,1234,10.5,259,30,2130,5.7,407
GA,Echols,No,1557,91.1,1418,23.7,390,0,0,27.3,425,11.1,172
GA,Emanuel,No,5235,38.4,2012,11.4,568,4.2,78,10.7,558,5,263
GA,Floyd,Yes,2746,43.6,1197,20.5,509,26.7,357,7.1,195,18.3,503
GA,Glascock,No,2556,49.7,1271,9,230,4,40,10.8,277,11.5,293
GA,Glynn,Yes,3928,60.1,2360,9.3,347,6,95,10.8,424,19.7,774
GA,Gwinnett,Yes,4048,83.2,3369,11.5,464,14.9,216,24.2,980,8.8,358
GA,Hall,Yes,3580,53.3,1908,21,668,19.2,211,14.3,512,6.3,224
GA,Henry,Yes,4732,25.2,1191,2.9,126,0.5,7,6.8,323,3.3,154
GA,Houston,Yes,3514,43.7,1535,10.7,375,7.2,100,12,422,5.9,206
GA,Jasper,No,2182,34.4,751,5.4,121,1.6,12,11.1,242,2.9,63
GA,Jeff Davis,No,1393,64.8,902,13.4,188,5.7,32,17.5,244,7.3,101
GA,Jenkins,No,1988,31,616,7.6,162,2.3,17,7.8,156,4.5,90
GA,Johnson,No,2398,79,1894,12.3,287,6.3,60,18.5,444,15.4,370
GA,Laurens,Yes,2705,48.2,1303,26.7,726,14.6,152,17.2,464,5.2,141
GA,Long,No,4254,21.1,899,4.5,189,1.9,28,6.3,269,2.2,94
GA,McIntosh,No,3538,18.1,640,3.7,130,1.5,22,4.9,173,1.8,63
GA,Mitchell,No,3505,35.5,1243,5.6,195,3.7,46,10.5,368,3.1,110
GA,Murray,No,3585,45.3,1625,6.3,225,4.2,57,12,431,4.6,166
GA,Muscogee,Yes,1664,46.4,772,11.7,204,10.4,75,12.5,208,5.3,88
GA,Pierce,No,2567,39.8,1021,7.4,192,4,39,10.4,267,4.5,115
GA,Randolph,No,2203,32.2,709,8.4,185,5.4,43,9.3,205,4.7,103
GA,Richmond,Yes,920,100,920,27.1,249,48,362,6,55,40.1,369
GA,Rockdale,Yes,4935,38.8,1915,8.2,402,2.9,50,12.1,599,2.6,128
GA,Screven,No,2544,84.8,2156,21.5,570,7.2,72,23.6,601,11.6,294
GA,Spalding,Yes,3514,100,3514,22.7,791,18.5,229,30.4,1069,10.4,364
GA,Stephens,Yes,6666,30.7,2044,6.9,461,2.2,63,7.3,488,5.1,339
GA,Stewart,No,1845,37.2,687,8.9,164,6.8,50,9.5,176,5.8,108
GA,Talbot,No,2425,72.7,1764,18.4,440,15.7,148,19.1,462,9.6,233
GA,Taliaferro,No,2077,60.3,1252,13.9,285,9.5,82,14.1,294,11.7,242
GA,Telfair,No,1186,69.4,823,12,137,7.4,35,16.7,198,11.9,141
GA,Thomas,No,2178,57.3,1247,12.7,275,7.1,61,14.6,319,7.9,172
GA,Toombs,No,3189,58.9,1877,15.4,490,2.4,28,15.2,484,6.8,217
GA,Troup,Yes,4114,13.7,563,1.7,69,1,17,3.4,140,2.3,94
GA,Upson,Yes,4464,43,1918,6.1,266,1.9,34,11,489,5.6,249
GA,Walker,Yes,6652,55.4,3683,6.1,397,3.3,90,12.1,806,9.8,650
GA,Ware,No,6632,10.5,699,1.4,71,0.4,7,2.9,191,0.9,58
GA,Wayne,No,2860,56.1,1603,9.6,273,3.2,35,14.6,417,7.6,216
GA,Wheeler,No,2531,82.4,2087,25,614,9.7,95,21.3,538,12.5,316
GA,Whitfield,Yes,6793,24.3,1649,4.4,293,1.8,39,8.2,554,2,139
GA,Wilkes,No,3641,47.6,1735,8.3,297,6,87,11.2,406,8.4,306
GA,Wilkinson,No,3581,16.8,601,3.9,139,2.1,28,4.1,146,2.7,95
GA,Worth,No,2898,57.2,1658,11.7,338,5.5,62,14.7,426,9.3,270
ID,Bannock,Yes,2414,25,605,8.8,211,1.4,14,4,97,1.5,35
ID,Bingham,No,5862,24.6,1444,3.2,187,0.7,12,9.1,534,2.2,132
ID,Bonner,No,2195,98.2,2155,20.2,442,5,48,21.2,464,19.4,425
ID,Bonneville,Yes,4473,22.5,1008,3.3,145,0.7,12,6.7,302,2.4,109
ID,Canyon,Yes,5118,37.1,1898,3.2,160,1.5,29,13.3,681,4.6,235
ID,Clark,No,1022,100,1022,19.9,202,2.6,9,35.2,360,9.2,94
ID,Elmore,Yes,8894,72.1,6413,5.4,269,0.3,4,17.3,1539,0,4
ID,Gooding,No,6844,10,687,1.5,101,0.4,10,2.9,202,1.5,101
ID,Idaho,No,1980,36.8,729,4.3,85,0.2,2,7.1,140,4.8,95
ID,Lemhi,No,2451,55,1348,11,268,1,10,14.3,350,9.7,238
ID,Lewis,No,57,100,57,4.2,2,10,2,29.8,17,10.5,6
ID,Owyhee,No,3574,57.5,2055,9.7,343,2.1,28,16.1,576,6.8,244
ID,Twin Falls,No,1244,62.3,775,14.5,179,1.8,7,21.6,269,6.2,77
IL,Alexander,No,3223,55.1,1776,11,302,4.2,47,10.5,339,7.8,252
IL,Champaign,Yes,7060,16.2,1140,2.4,166,1.1,35,4.3,305,1.4,96
IL,Coles,No,3411,49.5,1690,4.5,149,3,39,11.7,398,7.6,259
IL,Cook,Yes,1420,100,1420,28.2,391,60.5,409,26.9,382,19.9,282
IL,Crawford,No,2905,17.8,517,2.1,60,0.1,1,4.4,128,1.9,54
IL,Edgar,No,2197,77.1,1694,8.1,177,3.1,28,18.7,411,13.5,297
IL,Edwards,No,2534,47.9,1214,4.8,120,3.2,32,11.3,286,8.7,219
IL,Effingham,No,3945,27.5,1085,3.7,146,2.2,32,7.7,303,2.9,113
IL,Fayette,No,2444,26.5,647,2.9,70,0.5,5,7,170,3.5,86
IL,Franklin,No,3284,21.1,693,2.8,92,0.7,9,6,198,2.4,78
IL,Gallatin,No,2801,66.2,1855,10.8,297,3.9,46,13.8,386,13.1,366
IL,Hancock,No,2537,74.8,1897,5.8,144,3.6,36,18.7,475,14.8,376
IL,Hardin,No,1640,65.4,1072,12.5,186,7,44,13,213,11.5,189
IL,Iroquois,No,2779,63.5,1765,4.2,116,1.6,19,13.8,383,12.8,356
IL,Jackson,No,3336,36.2,1206,4.3,136,3,37,9,300,5.5,185
IL,Kane,Yes,7684,100,7684,17.1,1310,9.2,191,37.9,2916,5.9,450
IL,Kankakee,Yes,2519,100,2519,30.9,798,15.8,130,38.2,961,6,152
IL,Knox,No,3475,38.5,1339,2.2,78,1.1,15,9.8,342,6.1,214
IL,La Salle,Yes,3343,48.6,1624,5.4,179,4.7,64,13.7,457,7.8,262
IL,McDonough,No,2179,49.7,1083,3.9,84,4.1,37,11.1,242,9.2,200
IL,McLean,Yes,6839,73.2,5007,14,906,2.9,73,13.3,909,5.8,394
IL,Macoupin,Yes,3284,40.4,1327,3.9,125,2.5,34,8.6,283,9.8,322
IL,Mason,No,2100,43.9,922,4.6,97,1.6,14,10.5,220,7,147
IL,Massac,Yes,4284,23.1,988,3.4,138,2.7,51,4.4,189,7,302
IL,Mercer,No,3966,41.8,1656,3.5,137,2.5,40,10,395,7.3,289
IL,Peoria,Yes,1461,100,1461,50.4,707,38,202,42.6,623,6.9,101
IL,Richland,Yes,3992,77.5,3094,6.4,254,3.6,56,19.3,771,10.5,420
IL,Rock Island,Yes,6497,32.8,2131,2.3,146,3.4,91,9.2,598,4.1,268
IL,St. Clair,Yes,2341,63.2,1479,21.8,496,26.2,216,22.5,528,6.5,152
IL,Saline,Yes,2544,55.5,1412,14.8,348,9.1,100,12.7,324,13.1,334
IL,Sangamon,Yes,4176,75.2,3142,6.2,254,5.4,106,19.9,830,6.4,265
IL,Schuyler,No,1926,36.7,708,4.5,85,1.6,12,8.9,172,6.9,132
IL,Shelby,Yes,5269,13.1,693,1.2,59,0.9,20,3.1,166,2.8,146
IL,Stark,No,3479,36.7,1278,2.8,95,2.5,35,9.7,338,6.1,212
IL,Tazewell,Yes,5505,80.5,4433,5.9,318,2.8,62,20.1,1106,10.3,568
IL,Vermilion,No,3505,31.9,1119,3.3,114,2.1,29,9,316,5.1,178
IL,Warren,Yes,5290,18.4,971,2.9,153,1.7,34,4.9,257,2.1,110
IL,Whiteside,Yes,3223,84.9,2735,13.3,416,8.2,97,23,741,11.9,383
IL,Will,Yes,4785,67.3,3220,14.7,695,4.6,69,25.8,1237,4.5,216
IL,Williamson,Yes,7300,46.2,3376,6.9,501,2,61,13.1,954,4.2,310
IL,Winnebago,Yes,2237,23.4,524,6.8,153,5.1,40,10.1,227,1.7,38
IN,Allen,Yes,1767,63,1113,16.9,186,13.7,84,9.6,171,7,125
IN,Blackford,Yes,3421,41.2,1411,4.8,166,3.7,53,11.1,380,6.8,232
IN,Delaware,Yes,2177,26.5,576,9,189,6.5,60,8.1,175,2.4,52
IN,Gibson,Yes,7796,10.8,842,1.3,97,1.2,38,2.1,164,2.5,197
IN,Grant,Yes,4428,35.4,1568,6.7,298,2.9,53,9.7,431,4.7,209
IN,Huntington,Yes,3921,22.5,883,1.5,57,1.7,25,5.1,198,3.9,154
IN,Jay,Yes,2387,50.1,1195,4.4,103,5.6,56,12.1,288,8.4,199
IN,LaPorte,Yes,4125,64.6,2665,17.8,344,6.5,43,10.4,431,3.4,139
IN,Porter,Yes,4659,11.2,523,2.8,73,2,24,2.5,117,1.3,59
IN,St. Joseph,Yes,2100,73.1,1536,16.8,356,11.1,97,19.1,400,15.3,322
IN,Starke,Yes,3809,24.8,945,4,147,3.6,54,7.2,275,4.1,155
IN,Sullivan,Yes,6029,21.9,1320,2.2,127,0.9,23,5.2,316,4.2,251
IN,Tippecanoe,Yes,3436,53.4,1835,12.9,424,5.6,83,10.9,375,6.3,216
IN,Vermillion,Yes,5096,25.5,1297,2.5,122,2.5,53,6,304,5.8,297
IN,Vigo,Yes,2740,100,2740,15.5,400,8.6,90,24.3,667,17.2,471
IA,Appanoose,No,2753,44.1,1215,5.1,141,2.3,27,10.3,285,9.3,257
IA,Black Hawk,Yes,2128,89.5,1904,36,651,44.7,391,20.2,430,13.9,297
IA,Buena Vista,No,2124,29.9,634,3.3,69,0.7,6,8.8,187,5.1,109
IA,Cass,No,1813,71.7,1299,9.1,166,2.7,20,16.1,292,14.1,256
IA,Clinton,Yes,5531,22.5,1242,3.5,191,1.4,32,5.6,310,4,222
IA,Kossuth,No,2612,71.5,1869,9.9,255,3.9,42,18.9,493,16.9,441
IA,Linn,Yes,3215,100,3215,8.7,278,6,78,26.8,863,12,386
IA,Mahaska,Yes,3312,40.4,1338,6.2,186,6.5,88,8.4,277,5.8,192
IA,Monona,No,2072,58,1202,6.3,130,2.8,25,13.5,280,11.8,244
IA,Palo Alto,No,1743,68.1,1187,5.7,99,1.8,13,14.6,255,15.9,277
IA,Pottawattamie,Yes,3248,95.3,3096,6.6,215,3.7,46,24.4,794,11.7,379
IA,Ringgold,No,2194,37.7,827,3.6,79,0.8,8,7.2,157,9.1,199
IA,Story,Yes,1490,100,1490,28.2,402,5.7,32,24.2,360,0.3,4
IA,Webster,Yes,4598,59.2,2724,4.8,131,0.4,5,6.7,307,6.1,282
IA,Woodbury,Yes,5050,63.6,3211,8.9,433,4.2,77,19.2,970,7.1,359
KS,Anderson,No,3073,50.3,1546,7.6,233,3.1,35,14.1,434,8.3,256
KS,Atchison,Yes,5704,58.2,3322,7.2,353,2,38,16,913,8.5,485
KS,Chautauqua,No,4359,30.7,1339,3.4,142,1.7,30,7.2,313,8.3,362
KS,Cloud,No,2555,77.8,1987,5.3,133,3.1,32,18.6,476,19.6,501
KS,Cowley,Yes,2421,49.8,1207,10.6,227,6.9,65,12.3,298,6.9,167
KS,Doniphan,No,2493,98.8,2464,12.2,263,7.1,66,20.5,512,18.2,454
KS,Elk,No,3261,99.3,3238,13.7,434,7.5,106,22.4,730,25.2,821
KS,Ellis,No,2701,19,513,2,52,0.1,1,4.4,120,3.2,85
KS,Geary,Yes,2706,74.7,2023,13.5,357,9.5,98,26.1,707,2.2,59
KS,Gove,No,1890,100,1890,10.1,185,4.2,31,26.6,502,23,435
KS,Greenwood,No,2569,83.4,2143,11.3,283,5.4,57,21,540,17.5,449
KS,Harper,No,1561,74.8,1168,6.7,99,0.9,6,16.2,252,21,327
KS,Hodgeman,No,2085,99.4,2072,11.4,234,4.3,34,28.6,597,19,396
KS,Jewell,No,1426,44.2,630,6.2,88,2,13,9.1,130,10.3,146
KS,Kingman,No,2258,82.3,1858,9.3,202,0.9,8,21.2,478,17.7,400
KS,Labette,No,2295,52,1194,4.4,101,1.6,15,14.4,331,9.8,225
KS,Leavenworth,Yes,2038,100,2038,21.5,407,35.7,354,23.7,484,11.6,237
KS,Marshall,No,2705,47.5,1286,4.6,124,2.2,23,12.8,347,10,271
KS,Miami,Yes,5959,40.2,2398,3.3,185,2.6,58,9.5,564,6.2,369
KS,Nemaha,No,2799,58.4,1634,6.4,177,1.9,19,18.3,513,9.8,274
KS,Neosho,No,2875,45.5,1309,3.4,97,1.4,15,13.6,390,5.9,171
KS,Ness,No,1744,55,960,5.2,89,0.9,7,11.7,205,13.3,232
KS,Norton,No,5953,23,1367,2.1,106,1.3,29,5.8,343,4.6,272
KS,Osborne,No,4452,26.2,1165,3.1,133,1.5,29,6.3,281,5.9,262
KS,Reno,Yes,3483,28,975,2.8,98,1.8,28,6.9,241,4.8,166
KS,Republic,No,1383,39.3,543,4,55,0.7,4,8.6,118,9.9,137
KS,Riley,Yes,3120,100,3120,32.6,1041,2.3,29,17.9,560,9.1,283
KS,Rooks,No,3313,19.9,659,2.3,74,0.2,2,5.1,170,4.4,147
KS,Rush,No,2132,100,2132,9.1,187,5.7,52,22.8,487,24.8,528
KS,Seward,Yes,6612,41.5,2746,7.6,501,3,65,15.4,1020,2.2,144
KS,Shawnee,Yes,2493,49.9,1245,15.2,380,2.2,21,13.3,333,5.5,136
KS,Sheridan,No,1403,96.2,1350,16.6,232,2.7,14,28.5,401,15.9,223
KS,Sherman,No,1369,63.7,872,13.7,191,4.2,21,18.3,250,9.1,124
KS,Smith,No,2471,75,1852,8,196,4,41,16.6,411,19.5,482
KS,Stafford,No,2263,27.9,632,3.8,84,0.7,7,8,181,4.5,102
KS,Wilson,No,2282,28.5,651,3.1,71,0.6,5,7.3,167,4.6,106
KS,Woodson,No,1986,36.4,722,4.4,85,1.5,13,5.6,112,10.3,204
KS,Wyandotte,Yes,1294,100,1294,27.1,349,12.4,58,28.9,374,16.2,209
KY,Adair,No,1611,41.3,665,6.5,101,5.4,31,10.9,175,5,81
KY,Bell,No,980,34.3,336,10.5,96,5.3,20,6.5,64,5.7,56
KY,Boone,Yes,5012,26.1,1310,2.3,113,3.1,62,6.9,344,1.7,85
KY,Bourbon,Yes,5477,29.9,1636,4.6,247,3.2,73,9.7,529,2,109
KY,Boyd,Yes,2056,64.1,1318,16.7,343,5.2,43,16,330,10.6,217
KY,Breathitt,Yes,4461,54.2,2416,16.5,700,11.2,200,11.4,510,8.3,369
KY,Bullitt,Yes,6593,63.6,4196,13.6,885,3.8,95,20,1320,3.8,249
KY,Campbell,Yes,1584,34.3,543,9.4,150,6.5,41,12.5,198,3,48
KY,Casey,No,1251,54.5,682,12,149,0.7,4,14.1,177,7,87
KY,Christian,Yes,3389,38.8,1316,6.8,208,3.8,50,8.8,297,5.4,183
KY,Fleming,No,4085,18.8,769,4.7,189,2.1,33,4.5,183,2.1,85
KY,Grayson,No,2619,48,1257,6.3,162,3.9,43,9.3,242,8.3,217
KY,Hart,No,1923,38.8,746,8.4,166,1.5,11,10,193,4.8,92
KY,Henderson,Yes,4428,13.9,614,3.1,128,2.1,38,4,178,1.6,71
KY,Hopkins,No,5063,14.8,749,3.1,156,1.5,29,4,201,1.5,75
KY,Kenton,Yes,2933,23.6,691,3.1,83,2.7,27,6.3,185,4.6,135
KY,Laurel,Yes,9379,71.8,6731,17.4,1607,5.7,205,19.2,1801,6.7,624
KY,Leslie,No,3232,35.9,1160,13.8,447,6.3,80,9.3,300,3.9,126
KY,McCracken,Yes,2483,73.9,1835,29.4,703,11.5,128,18.1,449,8.2,204
KY,Meade,Yes,1298,100,1298,20.7,268,7.7,40,28.2,366,7.1,92
KY,Ohio,No,1945,55.7,1083,11.9,236,5.7,43,14.7,286,6.4,125
KY,Owen,No,2718,24,652,4.5,122,1.2,12,6.7,183,2.5,68
KY,Robertson,No,2266,69.2,1569,15.2,333,4.9,43,16.3,368,11.2,255
KY,Todd,No,2919,29.1,850,3.6,106,3.5,39,6.8,199,3,88
KY,Whitley,Yes,2765,69.3,1915,11.7,320,11.6,138,15.6,432,11.4,317
LA,Acadia,Yes,6188,18.5,1143,5.6,337,2.9,64,5.7,350,1.9,120
LA,Ascension,Yes,5621,51.4,2889,11,592,6.2,120,15.1,851,5.1,288
LA,Avoyelles,No,7572,9,682,1.7,94,0.1,1,0.1,7,0.2,12
LA,Bienville,Yes,3924,60.6,2376,16.9,616,10.8,150,17.5,685,9.6,375
LA,Bossier,Yes,1928,46.3,893,25.2,499,10.7,77,14.8,285,4.1,79
LA,Caddo,Yes,443,100,443,42.8,172,27.5,49,17.8,79,6.8,30
LA,Calcasieu,Yes,3274,56.2,1839,20.5,665,7.1,92,20.6,674,1.6,51
LA,Catahoula,No,4496,25.4,1140,6.7,274,1.3,21,5.9,267,3.9,176
LA,Claiborne,Yes,4193,36.9,1546,12.7,513,7.5,117,11.2,468,7.1,297
LA,Concordia,Yes,5472,87.2,4769,40.8,2157,23.7,487,28.2,1542,13.1,719
LA,De Soto,No,4321,23.9,1031,5,215,2.7,47,5.5,236,3.6,155
LA,East Baton Rouge,Yes,4760,38.1,1813,15,715,9.2,138,14.4,683,1.8,84
LA,East Carroll,No,2517,32.1,809,5.5,104,3.9,26,8.3,210,4,100
LA,Evangeline,Yes,4133,68.3,2823,38.7,1535,22.2,334,20.6,851,11.7,485
LA,Iberia,Yes,4483,100,4483,24.1,1081,10.9,177,30.9,1387,10.2,459
LA,Iberville,Yes,2973,100,2973,100,1,0,0,0.2,6,0.6,19
LA,Lafourche,Yes,3211,42.7,1370,10.1,321,6.3,91,10.1,325,7.5,242
LA,Morehouse,No,2298,57,1310,17.5,402,11.3,97,14.3,329,9.7,223
LA,Natchitoches,No,2500,65.9,1648,13.6,340,6.8,68,15.7,392,10.2,254
LA,Orleans,Yes,4525,100,4525,30.4,1361,24.2,320,32.5,1472,8.6,390
LA,Plaquemines,Yes,2605,100,2605,21.7,591,14.7,133,29.9,780,10.5,273
LA,Pointe Coupee,No,2620,23.9,627,9.2,232,2.1,19,6.5,170,4.3,113
LA,Rapides,Yes,3746,86.7,3248,26,831,12.3,143,22.7,851,8.7,324
LA,Red River,No,4986,28,1397,5.8,288,2,38,7.3,365,4.3,212
LA,Sabine,No,3907,29.7,1159,5,197,3.2,48,8.1,317,4.5,176
LA,St. Bernard,No,1342,86.8,1165,23.1,286,12.3,56,19.1,257,17.7,238
LA,St. Charles,Yes,4027,53.5,2153,14.8,596,5.4,74,16.4,662,5.8,232
LA,St. Helena,No,6337,16.2,1025,4.9,309,1.6,37,5.1,323,1.5,97
LA,St. John the Baptist,Yes,2772,100,2772,28,749,14.3,130,30.8,854,11.2,311
LA,St. Landry,No,2934,24.7,725,6.6,192,2.1,24,6.8,199,4.6,134
LA,St. Mary,Yes,4200,56.5,2372,15.5,648,12,207,15.3,642,8.6,362
LA,Tangipahoa,Yes,5013,58.1,2910,14.4,720,2.2,39,13.9,695,5,251
LA,Tensas,No,2614,61.5,1607,22.9,488,14.8,127,19,497,10.3,268
LA,Terrebonne,Yes,3769,100,3769,23.8,886,11.1,137,32.7,1234,6.1,231
LA,Winn,Yes,2767,56.2,1556,21.8,573,13.9,142,19,526,7.8,215
ME,Aroostook,No,2702,49.3,1332,6.7,180,1.7,18,9.8,265,9.5,255
ME,Cumberland,Yes,5210,66,3438,4,191,3.3,61,18.6,968,6.4,336
ME,Penobscot,Yes,5949,65.4,3891,20.2,1146,9.2,200,21.6,1287,7.2,428
ME,Piscataquis,No,1232,34,418,5.4,66,2.2,12,8.1,99,4.8,59
ME,Somerset,No,1887,36.2,684,7.7,144,2.3,17,8.7,165,4.4,83
ME,Waldo,No,6571,20.5,1345,3,189,0.6,15,5,330,2.6,169
ME,York,Yes,6835,10.5,719,1.4,95,0.9,28,2.4,167,1.6,107
MD,Allegany,No,3741,33.6,1258,3.5,124,1.3,18,9.6,359,4.5,170
MD,Anne Arundel,Yes,5251,15.2,799,2.7,139,3.4,58,3.7,194,2.3,119
MD,Baltimore,Yes,2999,63.7,1910,4.2,124,5.9,65,18.2,546,5.8,175
MD,Cecil,Yes,5099,29.2,1488,5.2,246,5.8,114,8.3,422,4.6,236
MD,Dorchester,No,2033,37.9,770,5.1,107,2.4,21,6.5,133,9.8,200
MD,Frederick,Yes,7704,18.3,1406,0.7,56,0,0,6.4,497,0.6,49
MD,Harford,Yes,2778,98.7,2742,15.9,437,12.5,136,27.6,766,11.7,325
MD,Prince George's,Yes,7925,23,1825,0.5,36,0.8,15,8.1,645,0.1,7
MD,St. Mary's,Yes,4726,21.6,1023,3.4,161,2.2,40,7.7,366,0.8,40
MD,Wicomico,Yes,5534,51.7,2860,6.9,356,6.6,131,12,663,9.5,524
MD,Worcester,Yes,7232,33.9,2454,2.8,205,3.4,130,3.9,279,8.7,631
MD,Baltimore City,Yes,3988,82.1,3272,10.9,434,26.1,385,21.7,867,14.1,563
MA,Barnstable,Yes,3431,16,549,2.4,79,1.6,29,1.5,50,2.4,82
MA,Berkshire,Yes,4980,72.2,3595,6.4,316,3.9,82,19.3,963,10.6,530
MA,Bristol,Yes,3684,84.2,3103,14.9,542,6.7,106,20.2,744,10.5,387
MA,Essex,Yes,3997,100,3997,24.7,975,19.6,305,27.6,1102,15.9,636
MA,Hampden,Yes,7758,10.4,805,2.6,202,2.2,69,2.9,226,1.3,103
MA,Hampshire,Yes,6852,37.1,2544,4.9,332,0.6,16,8.6,591,3,208
MA,Middlesex,Yes,4741,49.3,2338,7.5,353,7.9,138,15.2,719,3.8,182
MA,Norfolk,Yes,3177,100,3177,25.9,823,36.3,455,31.1,989,14.6,463
MA,Plymouth,Yes,5354,59.7,3199,7.7,411,14.4,377,12,641,13.4,718
MA,Suffolk,Yes,3914,100,3914,18.6,731,33.3,555,20,781,19.1,749
MI,Alcona,No,1679,71.4,1199,7.1,119,1,8,11.8,199,18.6,312
MI,Alger,No,2626,57.1,1500,8.1,168,3.8,33,11.1,292,10.4,273
MI,Alpena,No,4726,53.8,2541,4,190,2,36,13.2,623,8.3,391
MI,Baraga,No,4981,17.1,850,1.9,83,0.9,16,3.1,152,4,200
MI,Branch,Yes,3982,48.8,1944,8.2,320,3.7,53,16.5,655,3.2,128
MI,Charlevoix,No,551,100,551,7.2,39,4.7,12,20.7,114,21.6,119
MI,Cheboygan,No,3723,14.5,539,1.5,54,0.6,10,1.7,63,5.2,193
MI,Chippewa,No,1226,100,1226,14.7,179,3.7,21,16.2,199,25.7,315
MI,Delta,No,1760,95.3,1677,10.2,179,2.2,17,19,335,21.1,371
MI,Dickinson,No,1859,92.6,1721,9.9,184,6,45,23.2,430,15.8,294
MI,Eaton,Yes,7520,86.4,6499,8.7,646,6.7,203,24,1802,11,826
MI,Emmet,No,2288,71,1625,5,115,2.7,27,17,389,8.6,196
MI,Genesee,Yes,3861,100,3861,36.3,1388,23.3,302,35.6,1375,9.5,368
MI,Gogebic,No,2026,100,2026,18.3,288,5.1,31,17.5,355,13.9,281
MI,Grand Traverse,Yes,5626,31.7,1783,2.9,154,3.2,89,5.9,333,9.4,528
MI,Gratiot,Yes,7487,38.8,2902,3.7,164,0.6,12,2.5,186,2.4,180
MI,Hillsdale,No,3547,30.1,1066,4.8,167,4.3,51,9.9,352,3.4,119
MI,Houghton,No,3362,30.9,1037,2.5,79,1.6,20,6.7,226,5.4,180
MI,Huron,No,1564,100,1564,12.9,200,7,52,17.1,267,27.7,433
MI,Ingham,Yes,2110,100,2110,16.8,366,7.8,62,28.7,606,11.5,242
MI,Iosco,Yes,2374,46.4,1102,4.6,110,4.4,47,9.9,235,9.6,227
MI,Isabella,Yes,2790,21.8,608,7.6,210,1.8,21,4.9,136,1.7,46
MI,Kalamazoo,Yes,2680,68.2,1829,20.9,533,10.1,89,26.9,720,4.8,128
MI,Keweenaw,No,2301,29.1,670,1.9,41,2.2,22,6,138,6.2,142
MI,Lapeer,Yes,4547,27.7,1258,2,69,2.3,38,4.9,222,3.5,160
MI,Lenawee,Yes,3728,61.9,2307,5.8,212,4.5,69,16.1,601,7.7,286
MI,Luce,No,2274,34,773,4.5,102,0.7,7,5.1,115,8.2,187
MI,Mackinac,No,2631,63.8,1678,9.5,250,3.5,38,13.4,353,11.9,313
MI,Macomb,Yes,5682,100,5682,12.9,569,5.3,83,24.1,1367,5.6,318
MI,Marquette,No,2358,81.2,1916,8.8,206,5.9,61,15.1,355,17.7,418
MI,Mecosta,No,2590,27.8,720,4.4,113,1.8,18,7.5,195,4.6,120
MI,Menominee,No,3600,70.1,2522,6.7,230,5.7,79,15.4,556,16.4,590
MI,Midland,Yes,3997,24.5,979,3,115,4.8,83,5.3,212,4.2,169
MI,Missaukee,No,3888,17.9,696,2.4,92,1,14,4.6,180,2.7,106
MI,Muskegon,Yes,4231,35.6,1506,6.2,245,2.2,44,9.3,394,2.8,117
MI,Oakland,Yes,4747,13,619,1.4,66,0.9,15,3.6,172,1.4,65
MI,Ontonagon,No,3290,18.8,618,1.7,54,1.3,18,4,130,3.4,112
MI,Otsego,No,2795,19.9,555,2,56,1.2,12,4.1,115,2.6,74
MI,Ottawa,Yes,5517,81.3,4483,21.4,710,9.6,120,8.1,446,3.2,175
MI,Presque Isle,No,1950,60.7,1184,7,137,2.6,22,9.5,184,19.7,384
MI,Roscommon,Yes,1972,60.9,1201,12.3,243,3.2,29,11.9,234,16.8,332
MI,Saginaw,Yes,1639,100,1639,45.3,753,16.6,98,34.2,561,14.2,233
MI,Sanilac,No,2685,34.8,934,3.6,97,1.5,14,10.1,271,5,134
MI,Schoolcraft,No,2654,51.9,1377,6.2,164,1.7,18,10.5,279,9.7,258
MI,Shiawassee,Yes,1882,36.2,682,7.5,139,8.5,72,9.3,174,3.3,62
MI,Washtenaw,Yes,7279,24.9,1814,15.9,52,3.8,3,0.3,19,0,1
MN,Aitkin,No,2362,34.9,824,4.4,104,1.3,14,5.6,132,8.3,195
MN,Anoka,Yes,4459,77.1,3436,3.3,144,5.2,89,20.8,928,7.3,324
MN,Becker,No,2728,60.3,1646,7.6,205,2.1,21,18.4,502,8.6,235
MN,Beltrami,No,2791,19.6,548,2.5,69,0.8,9,5.3,148,2.9,81
MN,Big Stone,No,1662,57.8,961,6.4,105,2.8,18,16.1,268,10.7,177
MN,Blue Earth,Yes,5518,61.9,3413,27.7,1099,4,60,2.4,130,0.8,45
MN,Brown,Yes,4164,66.9,2785,6,202,6.9,106,11.6,483,6.6,273
MN,Carlton,No,3113,61,1900,5.8,175,2.2,27,14.7,456,12.5,389
MN,Clearwater,No,2724,40.3,1097,8.7,238,1.3,12,11.7,320,5.3,144
MN,Cottonwood,No,2996,87,2607,10.5,302,5.3,62,23,690,22.6,676
MN,Crow Wing,Yes,4252,18.2,776,1.8,76,1.5,26,4.3,181,2.4,101
MN,Dakota,Yes,3563,100,3563,4.1,147,4,55,25.8,918,13.8,491
MN,Faribault,No,2425,49.8,1208,4.7,110,3.3,34,10.3,249,13.1,318
MN,Freeborn,Yes,4480,84.9,3804,5.5,244,7.1,136,19.6,877,19,849
MN,Hennepin,Yes,3170,39,1238,6,188,1.4,15,12,380,5.1,160
MN,Hubbard,No,2099,36.5,765,3.5,73,1.1,10,6.7,141,7.5,158
MN,Isanti,No,2913,23.3,677,2.9,83,2.1,23,7.5,218,3.4,98
MN,Itasca,No,2794,35.4,990,4.4,122,1.8,21,8.1,227,7,196
MN,Kanabec,No,3265,31.7,1034,3.8,121,1.1,13,8.5,277,4.4,143
MN,Kandiyohi,Yes,2028,31.5,640,5,102,4.9,42,7.3,147,3.5,70
MN,Kittson,No,2748,26.5,728,4.4,119,1.6,18,6,164,6.2,172
MN,Koochiching,Yes,5755,37.3,2147,5.2,288,3.9,98,9.4,543,5.7,326
MN,Lac qui Parle,No,2235,37.7,842,4.5,100,1.2,11,8.9,198,7.8,173
MN,Lake of the Woods,No,1166,71.2,831,9.5,106,2.3,11,15.3,178,10.8,126
MN,Lyon,Yes,4459,47.9,2135,9.1,325,5.6,86,5.9,262,3.9,174
MN,Mahnomen,No,2414,73.9,1785,18.7,446,6.1,50,25.3,612,7.5,180
MN,Meeker,No,3076,40.7,1251,4.2,128,0.9,11,10.3,317,7.3,225
MN,Morrison,No,2787,31.5,878,3.7,104,1.7,20,6.6,184,6.4,178
MN,Mower,Yes,4752,37.3,1771,4.8,222,1.8,37,10.3,488,5.7,270
MN,Nobles,No,3291,35.7,1173,3.5,115,0.8,10,10.6,350,4.7,156
MN,Norman,No,3043,75.8,2308,7.4,217,4.1,48,19,578,17.5,531
MN,Otter Tail,No,4601,21.5,988,1.9,85,0.7,14,5.9,273,4,183
MN,Pennington,Yes,3004,46.5,1396,6.4,178,7.6,96,11.7,351,5.8,175
MN,Pine,No,2311,30.4,702,3.1,71,1.1,11,7.2,167,5.5,126
MN,Pipestone,No,1847,48.6,898,7.4,137,1.8,13,13.9,257,7.6,141
MN,Ramsey,Yes,3865,43.4,1676,5.9,229,2.9,45,12.2,471,5.5,214
MN,Red Lake,No,1854,100,1854,10.7,198,6.2,49,25.1,466,19.6,364
MN,Redwood,No,3367,66.6,2241,4.6,150,2.2,28,17.8,599,14.1,476
MN,Renville,No,3036,90.5,2749,8,238,4.2,52,22.4,679,19.4,590
MN,Rock,No,2633,30,791,2.9,77,0.6,6,9.2,241,4.3,114
MN,Roseau,No,2323,63,1464,4.6,107,3.1,27,17.3,402,8.7,202
MN,St. Louis,Yes,3779,27.7,1047,4.7,179,3.6,59,6.7,254,2.7,102
MN,Stearns,No,3799,62.7,2382,7.8,291,4.5,63,17.7,672,12.6,479
MN,Swift,No,2605,81.6,2127,6.1,157,3.8,39,22.5,585,14.9,389
MN,Traverse,No,1710,80.3,1374,11.3,189,2.4,16,21.8,373,19.9,340
MN,Wadena,No,3218,83.9,2700,11.6,356,5.5,68,22.1,712,18.7,603
MN,Watonwan,No,3771,70.5,2659,6.5,239,8.5,125,18.8,708,14.5,547
MN,Wilkin,No,3538,62.4,2207,4.6,160,2.5,32,18,637,8.9,315
MN,Yellow Medicine,No,2819,66,1861,7,189,4.2,45,16.5,465,15.8,445
MS,Alcorn,Yes,3606,79,2850,19.4,635,9.1,136,18.1,652,18,650
MS,Amite,No,4712,22.1,1040,4.4,206,1.9,35,5.1,238,3.3,157
MS,Bolivar,No,5145,84.7,4358,39.6,1966,18,302,30.2,1553,11.5,592
MS,Chickasaw,Yes,4649,37.8,1758,8.3,372,4.2,76,11,509,4.8,223
MS,Coahoma,No,5120,89.8,4596,38.1,1936,22.2,372,34.5,1766,9.3,477
MS,Copiah,Yes,6481,58.4,3784,19.2,1246,7.7,179,18.9,1222,6.2,399
MS,Forrest,Yes,6326,34.2,2161,14.1,837,7.9,162,10.4,659,3.5,221
MS,Grenada,Yes,3476,28.9,1003,9.9,342,5.3,70,7.6,265,2.9,99
MS,Harrison,Yes,1391,100,1391,17.9,251,14.9,74,29.6,412,12.7,176
MS,Hinds,Yes,7740,99.2,7674,31.3,2398,10.2,230,41.3,3194,3.5,273
MS,Humphreys,No,3382,49.6,1678,18.7,629,8.6,101,15.4,522,6.4,215
MS,Issaquena,No,2274,24.2,551,8.1,161,3.1,22,6.9,158,3.1,70
MS,Jones,Yes,7222,85.6,6183,30.4,2091,12.5,304,26.3,1902,12.7,918
MS,Kemper,No,5465,38.3,2092,8.9,448,6.9,136,9.6,523,4.3,235
MS,Leake,No,4073,28.3,1152,9.1,369,2.9,44,7.7,313,5,202
MS,Leflore,No,2550,33.9,864,10.9,171,5.6,30,11.1,283,3.9,100
MS,Neshoba,Yes,3992,18.8,749,5.3,210,3.1,49,6.1,244,2,81
MS,Noxubee,No,6000,23.8,1429,7.6,452,4,82,7.1,425,3.1,185
MS,Oktibbeha,Yes,7889,71.4,5632,24.7,1354,5.9,164,9.4,743,4.6,363
MS,Panola,No,7730,27.5,2129,8.1,623,3.7,99,7.9,612,3,234
MS,Pearl River,Yes,4430,26,1151,5.3,228,1.5,27,6.9,305,4.1,182
MS,Quitman,No,2967,45,1335,18,531,9.7,97,15.2,452,4.1,120
MS,Rankin,Yes,1374,48.1,661,10.7,139,1.4,8,11.4,156,5.6,77
MS,Sharkey,No,4301,15,643,5.8,252,2,28,5.1,218,1.5,67
MS,Simpson,No,7962,22.2,1771,5.1,402,2,56,6.7,534,2.8,222
MS,Sunflower,Yes,6892,56.1,3867,18.3,1269,10,211,19.2,1321,4.6,320
MS,Tallahatchie,No,3900,99.4,3876,36.2,1396,21.3,275,32,1248,12.5,489
MS,Tunica,No,4253,20.9,887,5.8,245,2.6,39,5.3,227,1.9,81
MS,Walthall,No,6522,8.1,528,2.1,140,1.3,31,1.9,127,1.4,90
MS,Winston,No,4222,15.9,671,4.3,182,0.7,11,4,169,2.6,110
MS,Yalobusha,Yes,4487,52.2,2341,12.3,538,5,89,13.2,592,8.4,379
MS,Yazoo,No,6431,19.1,1226,8.8,391,3.5,54,5.4,345,2.6,165
MO,Barry,Yes,5840,36.5,2134,5.2,292,4.4,100,9.8,573,6.1,359
MO,Barton,No,4012,43.7,1754,5.8,230,2.5,38,12.4,496,6.9,278
MO,Bates,Yes,4562,15.1,688,2,87,1.2,22,3.2,148,3.9,177
MO,Bollinger,No,3068,20.2,618,4.2,127,0.8,10,4.8,147,3.7,114
MO,Buchanan,Yes,1925,48.1,925,6.1,113,6.7,48,14.9,286,6,116
MO,Caldwell,No,3089,62.2,1920,8.3,252,6.2,76,17.2,532,11.7,362
MO,Cape Girardeau,Yes,2537,57.9,1469,14.2,357,5.3,58,13.8,351,6.7,170
MO,Carter,No,3439,99.7,3430,25,856,6.9,90,27.2,936,13.7,471
MO,Cedar,No,5191,17.5,910,3,155,0.4,9,4.7,242,2.9,152
MO,Chariton,No,2713,64.9,1761,9.2,246,5.7,68,14.6,395,16.2,440
MO,Cole,Yes,4009,100,4009,35.6,845,32.6,417,14.3,573,5.7,228
MO,Dade,No,4709,12.3,579,1.4,62,0.3,5,2.9,137,2.4,114
MO,Daviess,No,3197,44.9,1435,7.4,235,3.9,50,12.2,391,7.6,243
MO,Dent,No,4586,22.1,1015,3.5,161,1.4,25,5.9,271,3.1,142
MO,Dunklin,Yes,3015,23.9,721,6.8,199,4,50,6.7,201,3.1,93
MO,Gasconade,Yes,3151,18.3,578,2.5,79,1.2,16,4.9,154,2,63
MO,Grundy,No,2099,35.1,738,4.2,88,2.2,19,8.5,178,6.2,130
MO,Hickory,No,2755,20.8,574,4.3,118,1.1,13,5.7,157,4.1,112
MO,Holt,No,1613,100,1613,16.3,263,4,27,24,387,17.9,288
MO,Howell,No,4473,51.3,2296,11.1,493,2.8,47,13.3,597,6.9,309
MO,Iron,No,2135,56.5,1206,10.5,222,4.9,43,13.8,295,9,191
MO,Laclede,No,7973,32.2,2566,4.5,358,2.9,86,8.7,691,4.1,326
MO,McDonald,No,5456,20.4,1111,3.7,201,1.1,24,6.1,331,2,109
MO,Nodaway,No,2762,80.6,2226,11.1,306,4.7,54,20.2,559,15.9,438
MO,Oregon,No,3492,18,628,3.4,118,2.1,30,4.9,172,2.4,83
MO,Ozark,No,4685,39.5,1851,8.5,392,1.6,32,7.8,368,9.1,426
MO,Pemiscot,Yes,3970,39.8,1581,18.7,721,7.3,116,15.9,633,5.3,209
MO,Pettis,Yes,4153,22.3,926,2.3,95,0.6,11,6.9,285,1.9,77
MO,Phelps,Yes,6336,22.3,1411,4.3,267,1.9,53,5.5,349,1.9,121
MO,Platte,Yes,2921,24.4,714,2.8,75,2,24,5.7,165,1.9,56
MO,Reynolds,No,3036,89.9,2728,19.5,581,6.5,79,21.6,657,12.9,392
MO,Ripley,No,3935,33.4,1312,5.5,216,2.3,35,7.8,308,4.8,188
MO,St. Francois,Yes,6929,21.4,1483,2.6,179,1.3,37,6,416,2.3,160
MO,Scotland,No,2816,32,902,6.1,171,1.6,16,10.5,295,4.1,116
MO,Shannon,No,3321,48.5,1611,9.6,317,2.7,37,12.1,401,7,233
MO,Taney,No,7068,8,565,1.2,86,0.3,7,1.4,99,1.9,134
MO,Texas,No,5487,24.1,1322,3.6,196,0.7,17,6.6,362,2.6,145
MO,Vernon,No,3448,19.6,675,2.9,98,0.7,9,5.1,178,3.2,109
MO,Wright,No,3714,58.2,2161,11.5,420,2.3,33,15.2,566,9.2,340
MO,St. Louis City,Yes,3200,18.2,581,5.3,167,3.8,51,4.4,141,2.9,92
MT,Beaverhead,No,1517,98.8,1498,19.3,292,2.8,18,24.8,377,13.2,200
MT,Big Horn,No,145,100,145,12.2,17,0,0,22.1,32,15.9,23
MT,Blaine,No,1353,100,1353,44.8,604,10.9,41,42.6,576,6.9,94
MT,Chouteau,No,851,100,851,56.5,471,17.6,30,51.5,438,2.5,21
MT,Daniels,No,41,100,41,15.8,6,0,0,22,9,26.8,11
MT,Dawson,No,1509,78.7,1188,14.5,216,0.6,4,20,302,13.6,205
MT,Flathead,No,3193,25.8,823,3.9,120,0.7,9,5.3,170,2.6,82
MT,Garfield,No,1279,97.8,1251,21,266,3.3,18,24.4,312,18.8,240
MT,Glacier,No,3648,56,2041,14.9,543,4.9,55,19.1,696,3.9,144
MT,Golden Valley,No,1042,100,1042,25.8,253,6.8,25,27.6,288,16.5,172
MT,Hill,No,369,100,369,30.5,103,13.7,13,37.9,140,8.9,33
MT,Judith Basin,No,2329,61,1420,13.1,305,3.1,30,16.9,393,10.1,235
MT,Lewis and Clark,No,2203,100,2203,21,452,6.2,58,24.1,532,16.3,360
MT,Missoula,Yes,6893,27.5,1893,10.8,522,1.8,36,5.9,405,1.8,124
MT,Petroleum,No,493,100,493,23.2,114,0.9,2,26,128,17,84
MT,Pondera,No,891,100,891,40.6,360,10.7,24,41.6,371,6.1,54
MT,Ravalli,No,1403,48.2,677,15,215,1.9,10,8.1,113,9.3,130
MT,Roosevelt,No,753,100,753,42.5,313,12.6,27,40,301,6.1,46
MT,Rosebud,No,2928,26.1,765,11.1,317,3.6,28,11,321,0.8,25
MT,Sanders,No,3238,97.3,3150,14,443,4.3,57,23.2,752,17.6,569
MT,Silver Bow,Yes,5234,22,1150,5.8,287,2.2,51,5.1,269,3.2,169
MT,Valley,No,1092,99.5,1087,31.6,338,4.8,17,33.4,365,10.9,119
MT,Wheatland,No,2259,100,2259,20.4,440,4,34,26.8,606,19.3,436
MT,Yellowstone,Yes,3592,14.7,530,4.7,162,3.6,53,3.1,112,3,106
NE,Antelope,No,2467,79.2,1954,13.1,323,3.7,34,22.2,548,13.2,325
NE,Arthur,No,444,100,444,13.8,61,3.8,7,23.9,106,16.4,73
NE,Buffalo,Yes,5303,33,1753,14.2,505,3,48,7.1,379,1.3,69
NE,Burt,No,47,37.8,18,16.5,8,0,0,15.6,7,3.2,1
NE,Cherry,No,1553,94.3,1464,13.5,209,2.4,15,26,404,11.8,183
NE,Cuming,No,2146,40.7,874,3.4,72,1.6,13,11,235,9.2,198
NE,Dawes,No,3138,73.9,2320,11.1,342,2.8,34,18.6,584,14.6,459
NE,Dixon,No,208,100,208,11.8,26,0,0,31.7,66,12.5,26
NE,Dundy,No,2292,99.9,2289,13.6,303,3.8,37,23.3,533,22.4,514
NE,Furnas,No,3731,34.1,1274,3,109,3,49,8.1,302,8.6,320
NE,Garden,No,2292,99.9,2289,14.8,328,4.2,43,21.8,499,24,550
NE,Greeley,No,2714,62.6,1699,9,238,3.1,34,16.7,453,15.6,424
NE,Hayes,No,1068,100,1068,18.4,197,2.8,12,26.6,284,19.9,212
NE,Hitchcock,No,3111,90.6,2819,13.7,415,2.6,34,21.5,669,20.7,644
NE,Hooker,No,783,100,783,6.9,52,3.9,13,24,188,26.9,211
NE,Keith,No,3774,50.6,1911,5.7,215,1.1,17,12.5,473,9,341
NE,Keya Paha,No,983,99.8,981,26.8,264,4.2,17,23.7,233,20.7,203
NE,Lancaster,Yes,5035,10.9,547,19,8,0,0,0.1,5,0,0
NE,Loup,No,712,80.1,570,14.1,100,1.4,4,20.3,145,15.7,112
NE,McPherson,No,533,100,533,16.2,86,2,4,27.6,147,18.2,97
NE,Morrill,No,5440,51.2,2786,7.6,403,2.3,49,14.1,768,8.6,469
NE,Nuckolls,No,2858,66.4,1896,7.5,209,3.5,41,16.3,467,15.5,442
NE,Pawnee,No,3087,19.4,600,1.9,58,0.5,7,4.9,151,4.6,140
NE,Richardson,No,2163,40.5,876,4.8,103,1.6,13,10.3,222,6.5,141
NE,Sarpy,Yes,1460,43.9,641,3.2,26,1.7,5,8.3,121,0.2,2
NE,Scotts Bluff,No,2931,22.9,672,3.1,91,0.6,7,5.9,174,3.1,92
NE,Sioux,No,1475,68.4,1008,11.3,166,1.3,8,16,236,12.6,185
NE,Stanton,No,1922,94,1807,7,131,2.2,16,25.4,488,15.9,305
NE,Thayer,No,3391,34.2,1160,4,133,1.5,21,8.6,293,8.1,274
NE,Thurston,No,4791,31,1487,4.6,218,1.8,27,7.7,369,7.9,378
NV,Churchill,Yes,8487,38.2,3246,5.3,438,4.6,160,11,931,5,424
NV,Elko,No,1793,98.3,1763,13,249,7.8,55,27.4,492,7.3,130
NV,Lander,No,983,54,531,13.5,132,2.9,12,9.8,96,8.5,84
NV,Nye,Yes,4525,100,4525,7.6,343,8.4,147,23.9,1080,19.1,863
NV,Washoe,Yes,8818,84.4,7443,19.5,1475,12.2,386,17.4,1532,7.8,685
NV,White Pine,No,2772,85.7,2375,12.7,215,1.9,14,15.8,438,11.5,318
NV,Carson City,Yes,6057,26.5,1602,2,92,1.8,37,3.6,220,3.8,231
NH,Cheshire,Yes,3648,62.5,2281,10.8,392,10.2,169,12.9,472,6.8,248
NH,Coos,No,2092,37,773,2.9,59,0.3,3,7.4,154,7.5,156
NH,Grafton,No,2326,33.6,782,3.6,81,1.4,13,8,187,4.7,109
NH,Merrimack,Yes,7338,19.8,1452,1.8,129,1,33,3,220,4.1,302
NH,Rockingham,Yes,5630,21.2,1192,1.1,59,1.1,26,5.8,327,2.3,130
NH,Strafford,Yes,7564,8.6,649,4.3,132,1.8,18,0.5,40,0.2,16
NJ,Atlantic,Yes,3208,100,3208,20.4,655,38.7,469,27.3,875,15,482
NJ,Burlington,Yes,1864,100,1864,7.6,134,9.1,64,26.4,492,12.6,234
NJ,Cape May,Yes,3301,34.3,1132,1.9,61,6.1,99,4.7,156,9.2,304
NJ,Gloucester,Yes,4500,63.2,2844,5.6,251,8.1,147,14.8,664,9.9,447
NJ,Hudson,Yes,3068,20.9,641,2.4,74,7.3,88,4.8,147,4.3,132
NJ,Monmouth,Yes,5097,100,5097,12.3,625,10.4,256,18.8,957,11.3,576
NJ,Morris,Yes,3053,100,3053,6.2,189,7.6,89,21.9,668,9.7,295
NJ,Ocean,Yes,4914,100,4914,8.3,407,8.1,162,25.6,1260,20.1,990
NJ,Passaic,Yes,422,100,422,61.7,232,0,0,3.3,14,6.9,29
NJ,Salem,Yes,2278,29,662,5.5,123,3.3,34,6.5,147,2.8,64
NM,Bernalillo,Yes,5454,41.7,2273,9.3,502,4.3,104,8.9,486,8.3,453
NM,Catron,No,3543,100,3543,24.5,860,4.5,72,21.1,747,18.8,667
NM,Chaves,Yes,7607,38,2893,9,678,4.1,124,12,916,5.6,428
NM,Cibola,No,2814,48.4,1362,13.5,374,7,49,16.7,470,4.2,117
NM,Curry,Yes,4471,74.2,3319,28.7,1215,18,269,27.9,1248,6.5,289
NM,Dona Ana,Yes,8755,34.4,3011,6.5,507,1.7,51,8.7,758,3.7,326
NM,Eddy,Yes,4345,100,4345,17,738,8.2,136,30.5,1326,13.3,578
NM,Guadalupe,No,4680,30.5,1426,8.8,367,4.6,76,7.3,343,5.4,253
NM,Hidalgo,No,2662,77.3,2057,16.2,431,2.5,24,25,666,8.6,228
NM,Lea,Yes,2489,40,997,18.1,443,7,66,14.4,358,3.4,85
NM,Luna,Yes,2600,100,2600,23.5,551,16.7,160,26.3,683,25,651
NM,McKinley,No,1252,100,1252,61.8,788,30.1,95,44.3,555,2.9,36
NM,Mora,No,5180,30.4,1577,7.9,406,2.4,49,7.9,408,5.6,290
NM,Rio Arriba,No,6351,26.4,1674,5,314,1.6,36,6.9,439,3.4,214
NM,Sandoval,No,1958,100,1958,25.5,499,16.6,78,35,686,6.7,132
NM,San Miguel,Yes,4826,100,4826,27.2,1302,11.7,219,26.1,1261,13.3,641
NM,Santa Fe,Yes,3067,35.5,1090,5.8,185,2.7,37,6.5,200,2.7,82
NM,Sierra,No,5477,40.9,2241,8.8,478,1.7,41,9.7,531,8.9,485
NM,Socorro,No,1591,100,1591,70.1,1116,14.7,51,41.7,663,5.2,82
NM,Taos,No,2901,81.4,2360,20.4,590,3.6,47,19.2,556,9.5,275
NM,Torrance,No,7317,14.7,1072,2.8,191,0.6,15,3.5,253,1.1,82
NM,Valencia,No,787,100,787,32,203,0,0,35.7,281,5.8,46
NY,Albany,Yes,1728,100,1728,17,285,29.6,193,28.8,498,13.9,241
NY,Broome,Yes,3333,18.7,624,5.1,170,2.2,29,8.8,292,1.5,50
NY,Cattaraugus,Yes,4885,10.5,515,0.7,32,0.6,13,2.7,131,2,97
NY,Chemung,Yes,3700,55.9,2068,6.6,241,5,71,14.9,552,8.9,331
NY,Dutchess,Yes,6038,23,1386,3.4,197,2.6,66,4.4,263,3.9,238
NY,Erie,Yes,925,100,925,21,192,17.4,58,34.6,320,8.3,77
NY,Herkimer,Yes,3609,100,3609,13.4,483,11.9,181,22.5,813,20.8,750
NY,Livingston,Yes,3376,46.9,1584,3.8,127,4.5,60,3.2,110,3.1,104
NY,Nassau,Yes,5,100,5,0,0,0,0,0,0,40,2
NY,Niagara,Yes,2784,20.4,568,9.8,278,7.1,81,7.3,204,2.2,62
NY,Oneida,Yes,2183,100,2183,33.4,729,37.2,386,27.5,601,14.5,317
NY,Onondaga,Yes,2771,100,2771,29.4,833,28.6,272,40.3,1117,6,166
NY,Oswego,No,3716,18.9,703,2.9,106,1.2,15,5.7,213,2,74
NY,Queens,Yes,917,100,917,45.2,425,54,184,34.1,313,9.2,84
NY,Rockland,Yes,3703,100,3703,16.9,623,22.4,223,30.6,1133,7.8,290
NY,St. Lawrence,No,5929,13.5,800,2.3,135,0.8,19,3.8,226,1.9,114
NY,Schenectady,Yes,2664,100,2664,25.7,696,22.7,252,31.8,846,14,372
NY,Steuben,Yes,3541,18.7,663,2.1,73,3,50,1.7,59,7.5,267
NY,Tioga,Yes,4525,15.6,706,1.9,81,1.2,22,1.9,88,7.3,329
NY,Ulster,Yes,4841,94.5,4573,17.4,829,23.1,478,24.4,1182,12.7,617
NY,Westchester,Yes,2382,100,2382,59.2,366,20.9,43,9.4,224,11.8,281
NC,Alamance,Yes,507,100,507,33.5,174,43,95,19.3,98,21.1,107
NC,Ashe,No,2870,20.9,600,2.8,81,2.5,30,4.6,131,3.7,105
NC,Bertie,No,5641,24.8,1401,4.7,267,3.1,70,5.9,331,4.6,261
NC,Bladen,No,3167,24.7,784,4.4,132,1.6,19,6.1,193,1.9,62
NC,Buncombe,Yes,3574,14.1,504,1.2,44,0.9,14,2,71,2,71
NC,Cabarrus,Yes,8496,25.7,2185,2,166,2.2,72,6,512,3.9,329
NC,Catawba,Yes,4995,43.6,2178,5,219,5.9,120,6.2,308,5.9,297
NC,Chowan,No,6601,17.1,1132,2.7,177,2,53,3.7,245,3.6,235
NC,Cleveland,Yes,3405,27,918,6.1,200,4,54,6.4,218,5.8,198
NC,Craven,Yes,3653,14.9,543,3.2,116,2.1,32,3.9,143,1.9,71
NC,Davidson,Yes,5014,100,5014,15.4,756,9.2,184,25,1256,14.7,735
NC,Duplin,Yes,5318,54.4,2892,14.6,774,7.7,159,15.1,805,6.9,369
NC,Durham,Yes,6050,25.4,1538,7,427,5.1,104,9.8,591,1.2,74
NC,Edgecombe,Yes,5689,40.4,2300,10.6,605,8,157,14.2,809,3.2,182
NC,Forsyth,Yes,1499,100,1499,23.3,155,27.9,122,4,60,7.4,111
NC,Gaston,Yes,4859,25.7,1250,3.4,158,2.1,40,6.7,325,3.1,151
NC,Guilford,Yes,5121,57.4,2941,5.5,77,1.4,12,0.9,44,0.3,16
NC,Halifax,No,5422,73.5,3987,22.7,1225,11.5,226,22.1,1201,7.1,385
NC,Haywood,No,6082,13.8,841,1.2,72,1,25,2.9,178,2.2,131
NC,Hertford,No,4879,18.6,908,3.6,174,1.9,37,4.5,222,3,148
NC,Hoke,Yes,4972,37.6,1867,8.8,421,6.5,124,9.2,458,7.5,371
NC,Hyde,No,5826,16.5,962,2.2,114,1.6,34,2.5,147,3,177
NC,Iredell,Yes,2089,100,2089,27.5,640,23.5,179,32.2,672,10.9,228
NC,Lenoir,Yes,4146,44.7,1853,13.4,542,10.6,166,14.1,585,6.8,281
NC,Mecklenburg,Yes,4082,25.7,1050,2.1,73,1.5,22,6,245,3.9,158
NC,New Hanover,Yes,2718,100,2718,44.6,1080,26.9,268,22.9,623,10,272
NC,Onslow,Yes,1966,100,1966,16.8,342,2.6,19,28.3,556,0.1,1
NC,Pasquotank,Yes,1950,100,1950,28.2,536,28.9,228,27.4,535,13.4,261
NC,Pender,No,5815,56.6,3294,11.3,648,5.1,116,14.1,822,7,406
NC,Person,Yes,6304,26.7,1681,3.3,197,1.6,41,6.5,411,3.8,242
NC,Pitt,Yes,3180,100,3180,27.8,892,26.1,301,33.5,1066,10.7,340
NC,Robeson,Yes,8009,60.4,4841,15.7,1235,6.5,189,16.7,1338,4.9,390
NC,Rowan,Yes,1763,41.1,725,5.1,95,3.6,25,14.3,251,6.1,108
NC,Rutherford,Yes,3883,30.4,1182,5.5,199,3.6,57,6,234,4,156
NC,Sampson,No,5477,37.3,2044,7.1,388,3.7,74,9.5,521,5.8,318
NC,Stanly,Yes,6251,38.7,2419,6.3,388,3,73,10,625,6.4,398
NC,Stokes,No,6456,8.9,572,1.2,74,0.4,10,1.9,121,1.1,71
NC,Vance,Yes,2339,46.5,1088,4.8,111,5.5,47,11.3,265,6.5,153
NC,Wake,Yes,3708,100,3708,56.1,1585,50.2,510,32.4,1203,6.3,235
ND,Benson,No,2346,33.6,789,8.1,187,3,20,10,235,5.4,128
ND,Burleigh,No,1480,98.7,1461,16.5,244,4.3,26,22.7,336,18.7,277
ND,Dickey,No,1645,100,1645,20.4,278,5.7,36,19.2,316,23.6,389
ND,Dunn,No,402,100,402,39.2,150,10.3,13,38.1,153,7.7,31
ND,Emmons,No,2918,60.8,1773,13.5,384,2,23,15.6,457,12.5,365
ND,Grand Forks,Yes,5004,82.1,4110,40.5,769,6.4,56,7.1,355,0.2,8
ND,Kidder,No,1089,99.2,1080,19.2,209,3.6,17,21.2,231,23.2,252
ND,LaMoure,No,2960,100,2960,17.4,508,4.2,52,23,681,24.3,718
ND,McHenry,No,1330,100,1330,23.4,311,5,29,22.4,298,25.9,345
ND,McKenzie,No,1207,58.4,705,20.5,242,4.5,13,27.4,331,3,36
ND,Morton,No,3933,61.9,2436,7.7,290,4.4,70,15.1,593,16.9,664
ND,Mountrail,No,3207,31.5,1010,4.8,152,0.8,11,8,256,4.5,144
ND,Rolette,No,4328,15.5,669,4.3,182,1.1,16,5.5,237,1.5,64
ND,Slope,No,767,96.1,737,16.3,125,0,0,24.3,186,17.3,133
ND,Ward,Yes,6349,54.1,3437,13,822,5.4,153,13.7,870,8.4,536
ND,Wells,No,1338,69.8,934,11.2,150,2.2,12,17.1,228,16.1,215
OH,Ashtabula,Yes,3919,85.8,3361,13,503,3.4,54,21.5,843,15.4,605
OH,Athens,Yes,3524,72.5,2554,20.9,731,4.5,70,9.7,342,9.1,320
OH,Belmont,Yes,4538,60.2,2734,9.2,408,5.6,109,12.4,562,12.9,587
OH,Clermont,Yes,4199,100,4199,19.8,827,7.8,119,35,1470,5,208
OH,Columbiana,No,4532,22.5,1021,3.1,141,2.7,46,5.8,265,2.9,132
OH,Coshocton,Yes,4060,51.4,2085,5.4,212,4.9,78,14.7,596,6.4,258
OH,Cuyahoga,Yes,2213,100,2213,28,580,33.2,355,19.7,437,10.4,231
OH,Gallia,No,4067,17.9,726,5.1,187,1.3,17,5.5,223,2.3,94
OH,Guernsey,Yes,3744,41.4,1549,7.6,275,5.1,78,10.9,408,5.8,217
OH,Licking,Yes,2687,70.3,1889,6.8,186,7.8,79,20.6,553,6.1,163
OH,Lorain,Yes,3090,100,3090,12.5,368,12,162,22.9,709,16.6,514
OH,Lucas,Yes,2131,48.7,1037,17,364,11.1,90,22.7,485,2.5,53
OH,Mahoning,Yes,1394,100,1394,29.8,220,27.3,102,13.8,193,11.8,164
OH,Meigs,No,4342,22.8,991,4.2,180,0.5,9,5.1,220,2.5,107
OH,Muskingum,Yes,4879,38.2,1863,3.7,169,1.1,24,9.5,461,6.4,312
OH,Noble,No,4020,24,963,3.3,131,2.5,35,7.4,299,3,120
OH,Pickaway,Yes,3665,100,3665,0,0,0,0,0.1,2,2.5,90
OH,Portage,Yes,4157,80,3324,8.7,358,5,84,21.7,902,9.7,402
OH,Ross,No,5003,19.6,979,2.3,114,0.6,12,4.7,236,2.6,128
OH,Scioto,No,4867,24.9,1210,4.1,194,1.6,29,6.8,329,2.9,141
OH,Summit,Yes,845,100,845,55.4,499,66.5,417,3.3,28,14.1,119
OH,Trumbull,Yes,5199,100,5199,34.4,1803,15.3,300,34.2,1778,13.4,696
OH,Tuscarawas,Yes,2677,22.3,597,3.7,90,1.6,18,6.4,172,2.6,71
OH,Vinton,No,4509,24.8,1118,3.9,173,2.2,38,6.7,302,2.7,121
OH,Wood,Yes,7144,19.7,1408,1,73,0.5,16,4.1,294,6.1,435
OK,Alfalfa,No,1621,37.8,613,5.2,84,1.7,12,6.9,113,10.7,173
OK,Atoka,No,2216,72.5,1607,10.2,145,4.9,27,9.5,210,6.1,134
OK,Bryan,No,2488,95.4,2374,23.2,575,6.3,61,24.1,599,16.3,407
OK,Canadian,Yes,3291,26.9,885,4.7,154,1.8,23,6.7,221,3.4,112
OK,Coal,No,4031,80.7,3251,19.7,775,8.6,140,20.4,823,16.8,677
OK,Comanche,Yes,4055,100,4055,22.6,913,8.8,143,30,1218,11.4,461
OK,Creek,Yes,2493,37.3,931,7.6,187,4.8,49,9.4,235,6.4,159
OK,Garvin,No,3106,81.6,2536,16.1,491,4.5,55,21.5,669,14.7,455
OK,Grady,Yes,3307,27.1,895,3.7,119,1.8,24,5.3,176,7.2,237
OK,Haskell,No,3329,40.4,1345,6.8,227,2.7,37,9.9,331,7.1,236
OK,Hughes,No,3068,20.9,641,6.7,204,1.2,15,5.4,165,3.8,117
OK,Johnston,No,2884,61.1,1761,11.8,340,3.9,44,15.5,446,9.5,274
OK,Kay,Yes,4232,86.4,3655,21.5,921,5,84,25.2,1066,12.1,513
OK,Latimer,No,2194,70,1535,15.4,335,4.7,41,18.7,410,10.9,239
OK,Le Flore,Yes,8008,74.4,5956,12.2,962,4.3,130,19.4,1557,9.2,737
OK,McClain,No,1248,81.4,1015,18.8,233,3.2,15,20.8,259,12.9,162
OK,McCurtain,No,3003,95.9,2881,25.2,755,7.7,88,26.3,790,13.6,408
OK,Muskogee,Yes,4812,35.6,1712,6.3,289,6.3,132,7,337,9.8,472
OK,Okfuskee,No,2902,27.2,788,4.5,129,1.5,17,7.3,212,3.7,107
OK,Oklahoma,Yes,1994,50,997,15.8,302,10.1,86,13.4,267,5,99
OK,Osage,No,2476,24.3,602,3.6,88,0.6,6,6.2,153,4.6,115
OK,Payne,Yes,4635,52.6,2436,20.8,199,11.8,48,3.9,183,0.1,3
OK,Pittsburg,No,2307,89,2053,18.8,427,10.2,97,21.9,505,18.2,420
OK,Pottawatomie,Yes,4022,14.8,597,3.8,121,0.8,10,4.1,164,0.6,23
OK,Pushmataha,No,3156,17.6,555,4.8,150,1.7,22,4.6,146,3.1,98
OK,Tillman,No,1497,42.4,635,10.7,142,1.5,8,11.1,166,7,104
OK,Tulsa,Yes,2503,100,2503,19,462,9.6,95,28.3,709,10.2,256
OR,Clackamas,Yes,3257,44,1432,5.8,189,4.5,59,12.2,399,4.2,136
OR,Crook,No,3130,32.1,1003,5.5,172,1.4,18,8,250,4.2,133
OR,Deschutes,Yes,4112,12.2,501,1.3,54,0.7,13,3,124,1.9,79
OR,Harney,No,1988,76.9,1529,10.8,214,2.4,19,19.7,392,10.4,206
OR,Josephine,No,1936,43.5,843,10.7,202,4.4,35,10.7,207,5.6,109
OR,Klamath,No,2814,56.2,1581,8.3,233,4.1,47,13.3,373,8,226
OR,Lane,No,2355,36.4,857,6.1,140,1.1,10,9.7,230,4.1,96
OR,Malheur,No,5076,15.7,797,1.2,27,0.1,1,3.3,166,2,102
OR,Multnomah,Yes,6606,50.3,3323,11.7,767,8.9,221,16.5,1093,4.6,303
OR,Tillamook,No,3076,73.8,2269,9.4,285,2.2,32,11.6,358,21.4,657
OR,Umatilla,No,4483,11.5,514,1.1,49,0.7,13,2.6,119,1.7,76
OR,Wallowa,No,2030,78.6,1596,13,264,3.3,27,20.7,419,14.6,297
OR,Wasco,Yes,2885,82.3,2374,15.3,436,8.6,98,23.8,685,9.8,284
OR,Yamhill,Yes,7156,17.7,1265,2.1,146,0.7,17,6.3,452,1.1,82
PA,Allegheny,Yes,3007,39,1173,12.5,361,10.5,147,6.7,202,6.7,200
PA,Beaver,Yes,856,100,856,6.8,58,12.9,48,18.7,160,25.1,215
PA,Bedford,No,5638,28.2,1587,2.5,140,1.2,25,6.7,380,4,225
PA,Berks,Yes,1915,37,708,11.4,219,7.3,52,11.2,214,4.7,91
PA,Blair,Yes,4254,55.1,2343,5.6,202,4.1,64,9.8,415,17.5,746
PA,Bucks,Yes,2420,91.6,2216,7.1,178,8.9,94,21.5,520,11.8,285
PA,Cambria,Yes,1160,47.9,556,8,99,5,26,12.2,141,6.8,78
PA,Cameron,Yes,2526,27.2,687,3.5,85,5.3,58,6.9,173,6.2,156
PA,Carbon,Yes,4230,55.8,2361,7.7,323,6.9,130,12.3,518,14.1,596
PA,Centre,No,4004,17.6,706,1.5,60,0.6,9,4.2,167,2.3,92
PA,Chester,Yes,2366,100,2366,24.1,571,20.8,180,34.6,818,11.3,267
PA,Clearfield,Yes,3448,29.6,1019,3.5,122,1.2,20,5.7,198,5.6,194
PA,Dauphin,Yes,3069,60.4,1852,11.9,359,17.1,206,17,521,7.5,230
PA,Indiana,Yes,3746,73.3,2747,10.5,395,5.9,88,15.8,593,13.3,497
PA,Lackawanna,Yes,3759,23.4,879,7,249,10.7,168,8.9,333,3.9,148
PA,Lebanon,Yes,3034,58.3,1768,7.2,218,5.1,62,16.5,500,5.3,161
PA,Lehigh,Yes,6867,52,3568,8.3,565,7.6,201,12.6,866,7.7,527
PA,Luzerne,Yes,2719,100,2719,6.2,167,11,135,15.9,432,26.4,719
PA,Lycoming,Yes,2140,46,985,17.4,292,5.7,34,6.1,131,2.3,49
PA,Mifflin,No,5076,14.1,716,2.8,139,4.3,71,5.3,271,1.7,86
PA,Montour,Yes,4897,11,539,1.1,54,0.8,18,2.7,131,2.8,135
PA,Northampton,Yes,4824,39.6,1908,3.4,132,4.7,80,8.7,420,5.5,265
PA,Northumberland,Yes,6659,34.1,2269,4.8,310,3.1,86,8.2,545,4.6,305
PA,Philadelphia,Yes,16,100,16,0,0,0,0,0,0,56.2,9
PA,Potter,No,4799,52.4,2515,9,429,3.2,56,15.4,738,7,336
PA,Schuylkill,Yes,7033,64.2,4518,3.4,134,5.2,88,5.3,371,6.1,431
PA,Snyder,No,3662,52,1903,5.3,192,4.4,61,14.7,540,6.3,231
PA,Susquehanna,No,4154,22.5,937,2.8,113,0.7,11,5.6,232,3.4,140
PA,Venango,Yes,3575,26.1,933,4.4,150,2.4,34,6.7,241,5.4,191
PA,Westmoreland,Yes,3920,100,3920,14.2,549,9.7,156,24.3,952,15.6,612
RI,Providence,Yes,4970,83.2,4136,13.7,565,10.4,133,20.7,1029,4.9,243
SC,Abbeville,No,3439,88.8,3052,15.4,529,12.2,165,23.6,811,13,447
SC,Aiken,Yes,7151,75.1,5368,12.7,904,7.7,225,19.1,1368,9.1,654
SC,Bamberg,Yes,6394,43.5,2778,13.2,759,6.5,145,11.2,714,4.5,288
SC,Beaufort,Yes,2123,100,2123,5.3,25,2.2,4,7.3,156,0.3,6
SC,Berkeley,No,7291,51,3719,12.7,774,5.1,115,9.7,708,4.6,332
SC,Charleston,Yes,4053,85.1,3449,16.6,679,5.9,84,28.1,1139,6.2,252
SC,Chesterfield,No,3584,15.6,558,3.4,123,1.9,25,4.2,149,2.1,76
SC,Colleton,No,2018,70.5,1422,23.3,468,14.1,103,20.6,415,9,182
SC,Darlington,Yes,4858,57.1,2773,18.9,864,4.6,84,17,823,6.7,328
SC,Florence,Yes,3686,53.1,1958,21.3,731,17.5,215,14.9,549,7.6,278
SC,Greenville,Yes,1530,100,1530,41.6,629,42.1,271,22.7,347,22,337
SC,Hampton,No,2394,41.7,999,9,214,5.2,46,11.8,283,5.7,137
SC,Lexington,Yes,2986,100,2986,16.5,490,8.3,97,26.8,800,12.1,360
SC,Oconee,Yes,3798,55.8,2118,9.5,358,3.9,64,13.5,512,7.3,276
SC,Orangeburg,Yes,3325,17.4,580,6.3,61,8.1,36,3,99,2,67
SC,Spartanburg,Yes,260,100,260,21.2,28,48.4,46,8.1,21,3.8,10
SC,Williamsburg,No,2632,52.5,1383,10.7,282,9,90,15.3,402,7.7,202
SD,Bennett,No,163,100,163,19.8,26,22.5,9,43.6,71,5.5,9
SD,Brule,No,2650,75,1986,11.5,305,3.9,38,22.2,589,14.3,378
SD,Charles Mix,No,3031,70.6,2141,27.1,807,8.1,80,24,727,10.3,311
SD,Corson,No,539,100,539,41.8,221,12.4,18,40.1,216,8.7,47
SD,Dewey,No,1071,100,1071,26.4,284,5.5,22,31.9,342,15,161
SD,Edmunds,No,1891,100,1891,12.5,228,7.5,58,24.2,458,27.8,526
SD,Faulk,No,2640,99.8,2636,18,467,7.6,77,26.5,700,22.9,604
SD,Gregory,No,2517,61.5,1547,14.9,371,3.5,37,16.3,410,12.7,321
SD,Harding,No,1353,100,1353,21.1,277,1.5,8,32.5,440,13.4,181
SD,Hutchinson,No,2166,78.7,1706,15.9,334,5.4,44,19.9,431,19.3,417
SD,Jerauld,No,2295,100,2295,20.6,464,8.6,85,21.4,492,25.6,588
SD,Lyman,No,1333,98.2,1309,48.2,641,22.8,79,44.2,590,4.2,56
SD,Mellette,No,2083,100,2083,35.8,724,11,76,35.3,735,13.2,274
SD,Minnehaha,Yes,4774,58.3,2784,12.3,395,1.6,19,11.6,554,2,96
SD,Perkins,No,3363,53,1782,9.7,321,1.9,27,13.1,439,11.4,382
SD,Roberts,No,1743,87.9,1532,17.8,307,3.8,25,22.5,393,21.2,370
SD,Tripp,No,2691,64.7,1741,13.8,369,0.9,9,18.5,499,10.7,287
SD,Yankton,Yes,3177,100,3177,18.2,558,9.5,133,25.4,808,12.5,396
SD,Ziebach,No,933,100,933,39.9,376,12.9,40,34.7,324,11.3,105
TN,Cheatham,Yes,3450,20,690,1.8,59,1.5,19,5.5,188,3.3,113
TN,Cocke,No,1683,72.4,1218,15.2,250,4.7,32,16,269,10.4,175
TN,Dyer,Yes,5741,53,3041,10.5,571,3.9,89,13.9,796,7.5,431
TN,Hamblen,Yes,5779,20,1156,3.1,176,1.1,26,4.1,236,2.8,163
TN,Hardeman,No,3078,78,2400,17.6,539,8.7,98,24.3,749,9.7,300
TN,Hickman,No,2177,59.9,1304,7.9,81,0.8,3,2.1,47,1.5,32
TN,Pickett,No,4945,33,1632,5.3,258,1.4,30,7.5,370,4.9,243
TN,Rhea,Yes,9335,31.3,2926,4.5,390,2,72,8.2,767,3.5,328
TN,Roane,Yes,4578,45.1,2064,8,364,4.5,86,9.8,447,6.8,310
TN,Sumner,Yes,4603,32.9,1517,4.7,214,2.1,39,8.6,398,4.7,218
TN,Tipton,Yes,4971,35.1,1744,9.5,466,7.8,154,9.1,453,7.1,351
TN,Weakley,No,1523,45.4,691,6.4,97,1.4,8,10.4,158,8.4,128
TX,Andrews,Yes,3519,83.2,2929,18.5,641,6.3,76,27.4,964,8.6,302
TX,Angelina,Yes,4152,65.4,2714,23.7,982,15.7,242,20.2,837,9.6,399
TX,Aransas,Yes,3646,100,3646,26.7,952,11.9,164,29.5,1077,15.2,556
TX,Atascosa,Yes,3577,19.1,684,4.9,173,3,34,6.7,239,2.1,76
TX,Bailey,No,6594,9,593,1.4,89,0.2,5,2.6,171,1.3,87
TX,Bastrop,No,4459,14.4,640,1.9,85,1.1,19,3,133,2.3,100
TX,Bee,No,2232,85.1,1900,14.7,316,4.2,37,24.5,546,14.9,332
TX,Bexar,Yes,3316,30.6,1016,15.8,410,21.6,347,1.6,54,4.5,151
TX,Borden,No,729,100,729,14,102,1.4,4,24.6,179,16.3,119
TX,Bosque,No,4039,21.9,884,3.4,138,0.6,9,5.8,232,3.1,127
TX,Bowie,Yes,4183,96.7,4046,30.6,1277,15.3,255,27.1,1133,14.1,591
TX,Brazoria,Yes,5780,100,5779,13.5,779,3.7,68,32.3,1866,7.5,433
TX,Brazos,Yes,5868,100,5868,24.5,1433,4.8,127,20.1,1179,2.8,166
TX,Brewster,No,554,99.5,551,20.8,114,9.3,21,21.7,120,17.7,98
TX,Briscoe,No,1790,100,1790,16,286,5.7,41,27.1,485,19.3,345
TX,Burnet,Yes,5145,100,5145,13.4,689,4.3,87,24.9,1280,19.6,1008
TX,Camp,Yes,4734,44.8,2119,11.7,531,6.4,112,13.9,656,7.4,352
TX,Childress,Yes,5243,18.6,974,2.8,141,1.7,36,4.9,256,3.8,198
TX,Cochran,No,3730,21.7,808,4.5,163,0.5,7,6.9,258,2.6,96
TX,Coke,No,1907,99.9,1905,14,260,6,49,22.4,426,25.9,494
TX,Coleman,No,1497,49.6,742,5.7,81,0.4,2,9.8,147,11.9,177
TX,Collin,Yes,6510,69.6,4533,18.6,1173,9.8,176,22,1434,5.6,361
TX,Colorado,No,2234,71.3,1593,15.6,337,8.4,72,18.2,407,13.5,301
TX,Comal,Yes,5591,15.3,855,1.8,91,0.4,7,3.2,181,1.1,62
TX,Coryell,Yes,5064,41.6,2107,5.5,272,2.7,51,11.8,600,2.6,133
TX,Cottle,No,1904,99.9,1901,18.4,342,9.9,81,23.9,456,25.6,487
TX,Deaf Smith,Yes,5474,77.4,4236,16.9,922,9,166,27.9,1527,8.1,445
TX,Dickens,No,2762,18.7,516,3,67,1,10,3.9,109,4.2,116
TX,Dimmit,No,815,97.3,793,45.5,358,13.4,37,30.1,245,15.7,128
TX,Eastland,No,1789,71.1,1272,11.6,202,4.9,37,14.8,265,18.1,325
TX,Ector,Yes,2786,100,2786,21,584,5.7,59,29.4,818,11.2,313
TX,Erath,Yes,3340,100,3340,24.9,790,9.9,146,20.6,689,15.6,521
TX,Falls,Yes,3959,25.6,1015,6.3,240,2.8,44,8.1,319,5.2,205
TX,Fisher,No,1904,34.6,658,5.1,95,1.2,10,6.8,130,8.7,165
TX,Foard,No,1622,100,1622,14.3,225,7.5,50,25.8,419,23.1,375
TX,Fort Bend,Yes,6394,87,5564,25.3,1596,16.2,252,28.8,1840,5.7,363
TX,Freestone,Yes,4393,13.4,589,3,91,1.9,24,3.7,163,1.9,85
TX,Gaines,Yes,5060,25.9,1312,5.1,252,1.2,20,8.1,408,3,150
TX,Galveston,Yes,2510,100,2510,23.2,589,12.9,121,29,728,11,277
TX,Gonzales,No,2533,59.4,1506,13.2,332,6.6,63,15.7,398,10.9,277
TX,Gray,Yes,1582,32.6,516,8.4,127,0,0,10,158,5.2,82
TX,Gregg,Yes,6556,45.8,3005,6.9,444,1.4,33,13.8,906,3.8,252
TX,Grimes,No,2870,31.6,907,4,116,2.1,22,8.2,234,3.2,92
TX,Hale,Yes,5653,56.7,3205,14.7,829,4,71,20.9,1182,5.2,296
TX,Harris,Yes,6099,46,2803,8.2,502,4.2,88,12.5,762,6.2,377
TX,Hays,Yes,5656,17.3,977,22.9,314,2.4,16,1.5,87,1.2,67
TX,Hockley,No,1572,97.9,1538,24,377,8.7,48,31.6,497,13.5,213
TX,Hood,Yes,4207,35.1,1478,3.2,123,2.4,41,7.7,322,6.7,280
TX,Hudspeth,No,2572,100,2571,41.1,1039,7.6,62,35.8,921,9.7,249
TX,Hunt,No,2302,70.4,1620,10.5,236,5.4,48,18.9,436,13.3,306
TX,Jack,No,1153,85.1,981,11.2,129,5.6,26,21.4,247,14.4,166
TX,Jim Wells,Yes,3845,23.6,909,5.3,194,0.6,7,6.5,250,3.3,126
TX,Karnes,Yes,7412,65.7,4869,12.3,542,3.1,53,6.9,512,5.4,402
TX,Kaufman,Yes,4528,11.7,532,1.6,71,1,16,3.3,151,1.1,51
TX,Kendall,No,5507,18.8,1038,2.9,155,0.5,9,4.4,243,2.8,154
TX,Kenedy,No,414,99.5,412,15.3,61,16.6,23,29.1,120,10.6,44
TX,Kerr,Yes,5343,30.3,1618,7,371,4.9,109,6.9,369,8.7,466
TX,King,No,356,100,356,20.7,67,1.9,2,33.7,120,10.4,37
TX,Kinney,No,3379,95.3,3221,22.9,767,7.3,96,24.7,833,23.4,792
TX,Kleberg,No,5400,28.7,1550,5.8,302,2,35,7.7,415,4.7,254
TX,Lamar,No,6136,39.4,2416,4.9,294,2,47,9.7,598,6.9,422
TX,Lavaca,No,2548,52.5,1338,5.8,145,2.9,30,12.2,310,14,357
TX,Lipscomb,No,1240,100,1240,15.8,195,5.9,32,23.1,287,22,273
TX,Llano,No,2584,53.7,1388,9.1,238,2.8,34,6.7,174,17.4,449
TX,Lubbock,Yes,2661,100,2661,18.1,421,5.7,49,31.7,843,13,347
TX,Lynn,No,2132,42.1,897,8.4,177,0.9,7,14.3,305,4.6,99
TX,McCulloch,No,1323,71.5,946,16.4,214,2.4,13,15.7,208,15.4,204
TX,McLennan,Yes,2467,74.4,1834,30.6,438,4.8,28,2.7,68,12.8,316
TX,McMullen,No,851,100,851,20.7,176,10.1,36,23.4,199,17.9,152
TX,Maverick,No,1117,74.9,837,31.8,363,12,43,21.1,236,11.9,133
TX,Medina,No,4699,13.3,626,2,91,0.6,10,3.4,162,2.7,126
TX,Menard,No,604,61.9,374,5.5,33,0,0,9.4,57,16.2,98
TX,Milam,Yes,6916,23.2,1602,5,334,2.5,66,5.4,372,4.6,320
TX,Mills,No,2354,57.3,1348,11.6,261,1.2,10,15.4,361,11,259
TX,Nacogdoches,Yes,4415,25.3,1116,13.2,536,4.7,78,6.4,284,3.6,157
TX,Nolan,Yes,2600,60.9,1584,22.9,592,13.9,136,23.1,601,6.2,162
TX,Nueces,Yes,441,100,441,16.3,67,17.9,41,9.1,40,19,84
TX,Palo Pinto,Yes,1953,59,1153,15.4,270,13.3,116,14.2,278,13.3,259
TX,Parmer,No,5261,14.2,746,2.3,122,0.4,7,4.7,247,1.4,73
TX,Pecos,No,6430,28.2,1816,6,267,0.4,7,2.4,154,1.1,73
TX,Randall,Yes,3885,45.8,1778,8.8,339,2.8,45,12.1,471,4.5,175
TX,Real,No,3047,100,3047,21.2,629,6,75,23.4,714,20.8,634
TX,Reeves,Yes,2989,31.1,930,10.3,311,5.5,56,9.1,272,5,148
TX,Refugio,No,1098,66.6,732,13.9,152,7.1,30,18.3,201,10.1,111
TX,Runnels,Yes,2720,49.2,1339,13,359,7.5,76,15,407,8.8,239
TX,Rusk,Yes,4296,53.1,2280,9,374,3,50,12.6,539,11.8,505
TX,San Augustine,No,3380,15.4,522,3.6,122,1.3,17,4.2,141,2.7,90
TX,San Patricio,Yes,8275,29.3,2426,4.7,382,1.9,56,8.7,716,3.1,257
TX,San Saba,Yes,2824,26.7,754,3.7,101,2.4,26,7.2,203,4.8,137
TX,Scurry,No,4717,13.1,617,2.8,126,0.8,14,3.3,154,2.3,107
TX,Starr,No,1321,95.7,1264,34.1,450,9.4,45,24.1,318,16.9,223
TX,Swisher,No,1545,87.6,1354,14.5,224,3.2,18,26.8,414,12.5,193
TX,Tarrant,Yes,3457,61.8,2135,6.2,109,1.2,8,7.2,248,3.7,129
TX,Terrell,No,1081,100,1081,25.2,271,12.6,56,26.5,287,17.6,190
TX,Terry,No,2761,54.1,1493,10.2,279,1.4,13,18.4,509,6.3,173
TX,Throckmorton,No,1850,100,1850,13.5,246,4.6,35,25.2,466,20.5,380
TX,Titus,No,2057,73.8,1519,12.8,262,5.2,40,19.9,410,10.6,219
TX,Tom Green,Yes,4374,100,4374,16.2,704,5,77,30.2,1323,12,524
TX,Travis,Yes,3603,37.8,1360,14.7,525,6.3,112,1.3,47,0.7,25
TX,Tyler,Yes,2479,20.9,518,4,91,1.6,16,4,100,5.4,135
TX,Uvalde,No,2968,100,2968,17.2,509,6.6,74,26.4,784,18.6,552
TX,Val Verde,No,898,89.1,801,15.5,133,4.1,16,16.4,148,20.8,187
TX,Van Zandt,Yes,3412,28.8,983,4.9,157,3,37,7.8,265,5.2,178
TX,Victoria,Yes,5506,83.4,4594,17.6,961,8.4,141,29.9,1644,6.6,363
TX,Waller,Yes,2763,100,2763,46.2,12,50,10,0.7,18,0.1,4
TX,Webb,Yes,4246,100,4246,26.1,1108,6.7,87,29.7,1261,13.3,565
TX,Wichita,Yes,1603,55.9,896,20,294,13.2,78,12.6,202,5.8,93
TX,Willacy,No,2858,26,742,9.5,270,2.3,19,5.2,148,5.2,148
TX,Winkler,Yes,3498,34.4,1204,6,202,1.7,22,10.3,360,4.7,164
TX,Yoakum,Yes,5275,37.2,1965,5.8,305,2.6,47,11.4,603,4.2,224
TX,Young,No,4611,11.3,522,1.7,76,0.2,5,2.8,131,2.3,108
TX,Zapata,No,1037,94,975,46.9,465,12.6,41,29.9,310,11.2,116
TX,Zavala,No,1422,98.8,1405,43.5,619,10,41,34.3,487,8.2,117
UT,Cache,Yes,2404,21.2,509,1.7,39,0,0,7.4,177,2.7,65
UT,Duchesne,No,3186,32.4,1032,5.1,152,1,10,9.3,297,5.3,167
UT,Emery,No,986,100,986,13.5,133,6.8,23,33.9,334,12,118
UT,Grand,Yes,4355,33.8,1470,5.1,217,2.7,48,10.1,442,4.6,200
UT,Millard,No,4439,22.4,995,3.4,147,0.8,12,6.7,298,4.6,204
UT,Piute,No,1435,100,1435,16.2,233,3.7,19,30.7,441,17.1,245
UT,Salt Lake,Yes,8898,61.3,5456,9.8,866,5.3,127,23.2,2061,2.6,230
UT,Sanpete,No,3188,35.9,1143,4.6,147,2,19,13.9,444,3.7,119
UT,Uintah,No,4149,18.6,770,5.8,239,1.4,17,7.3,303,1.1,47
UT,Utah,Yes,4736,35.5,1682,5.1,239,1.6,24,10.9,515,3.4,163
UT,Wasatch,No,33,100,33,15.6,5,0,0,33.3,11,3,1
UT,Weber,Yes,7196,77.1,5545,7.7,539,4.5,106,25.4,1829,6,435
VT,Bennington,Yes,5318,64.9,3454,13.3,679,19,455,13.8,736,11.9,633
VT,Chittenden,Yes,4392,51.4,2256,13.7,556,6.1,112,7.4,323,4.9,215
VA,Albemarle,Yes,738,35.2,260,16,106,1.9,8,4.2,31,0.5,4
VA,Amherst,Yes,1105,100,1105,24,95,14.3,27,9,99,12.7,140
VA,Bath,No,5048,58.6,2960,4.3,215,3.5,72,12.9,649,9.4,473
VA,Bland,No,4022,44,1770,7.3,251,3.5,49,9.2,370,6.6,266
VA,Botetourt,No,3415,30.5,1043,2.4,82,1.5,21,6.2,211,5.9,200
VA,Brunswick,No,3758,42.4,1593,6.8,256,5.6,85,10,374,6.8,254
VA,Buckingham,No,6170,10.9,675,2.5,152,0.3,7,2.3,144,1.8,113
VA,Caroline,No,3243,25.6,829,2.5,80,2.1,25,6.3,205,4.1,133
VA,Craig,No,5091,14.4,732,1.3,68,1.1,22,3.5,177,1.9,97
VA,Dinwiddie,Yes,5366,43.6,2342,3.6,191,2.1,41,13.9,749,3,161
VA,Fairfax,Yes,3059,38.1,1165,3.8,110,0,0,19.3,589,0.1,2
VA,Hanover,Yes,3604,15.9,573,2.1,52,1.7,19,2.4,86,6.4,231
VA,Henrico,Yes,2920,54.6,1594,5,134,4,45,10.3,302,13.1,382
VA,Highland,No,2536,100,2536,12.6,318,7.6,86,19.9,504,20.4,517
VA,King and Queen,No,3788,17.5,663,2.2,82,1.4,20,4.1,154,3.1,116
VA,Nottoway,No,2510,29.4,738,5.9,147,2.6,26,6.5,163,5,125
VA,Pittsylvania,No,3876,41.5,1607,5.2,203,2.9,47,8.9,346,6,233
VA,Prince Edward,No,8826,6.4,563,1.6,91,0.7,16,1.8,160,0.8,69
VA,Prince George,Yes,7342,46.1,3386,3.5,160,3,42,17.6,1289,0.1,10
VA,Prince William,Yes,5472,93.3,5105,12.4,674,8.6,159,33.8,1848,2.8,154
VA,Roanoke,Yes,7782,21.9,1703,3.1,236,2.9,97,6.2,486,2.1,166
VA,Rockbridge,No,6615,16,1060,1.6,105,0.9,23,3.9,255,2,131
VA,Southampton,No,2732,28.2,772,4.5,123,2.2,23,7.1,195,4.5,122
VA,Spotsylvania,No,5862,8.6,505,0.9,53,0.3,6,2.6,150,0.6,37
VA,Surry,No,3263,21.4,698,2.7,87,2.2,29,4.7,152,3.5,115
VA,Bedford City,Yes,6299,9.5,597,1.7,99,1.1,27,1.9,120,2.9,184
VA,Chesapeake,Yes,4660,38.6,1799,7.1,328,3.6,77,11.6,539,3.5,161
VA,Colonial Heights,Yes,2624,82.3,2159,5.8,152,6.4,70,21.4,562,11.8,308
VA,Danville,Yes,4545,23,1044,9.5,400,7.9,139,7.4,334,5.1,233
VA,Franklin City,Yes,3820,86.1,3289,31.1,1178,19.4,300,25,956,12.7,486
VA,Fredericksburg,Yes,6340,45.6,2890,7.2,305,3.9,79,8.5,539,4.6,292
VA,Galax,Yes,6837,29.4,2012,6,399,3.1,91,7.3,497,4.6,312
VA,Harrisonburg,Yes,7075,17.4,1230,2.5,174,1.1,30,3.8,269,2.1,152
VA,Hopewell,Yes,1515,34.9,528,5.6,89,5.9,42,8.1,123,3.5,54
VA,Lynchburg,Yes,5987,8.8,530,0.9,55,0.7,17,1.9,113,0.9,54
VA,Manassas Park,Yes,5301,34,1804,2.1,109,1.6,26,10.7,567,1.8,95
VA,Martinsville,Yes,2879,22.3,643,7.5,213,6.1,70,5.3,153,5,143
VA,Newport News,Yes,6518,33,2153,8.1,529,7,175,9.4,612,4.1,268
VA,Petersburg,Yes,3044,27.5,836,9,276,9.2,109,9.7,296,2.1,63
VA,Portsmouth,Yes,2472,37.6,931,3.9,92,3.5,36,8.4,209,3,74
VA,Radford,Yes,9519,14,1333,6.9,469,1.7,50,1.9,177,1,95
VA,Richmond City,Yes,1720,100,1720,24.9,401,34.6,244,32.4,558,11.3,195
VA,Roanoke City,Yes,3800,49.6,1884,6.9,263,4.4,67,10.5,399,11,420
VA,Virginia Beach,Yes,3957,26.8,1061,2.1,45,0.4,2,7.7,303,0,0
WA,Asotin,Yes,3190,15.7,501,1.3,41,0.7,9,3.9,124,3,96
WA,Chelan,Yes,8217,66.3,5451,12.3,983,7.6,203,20.2,1661,9.2,754
WA,Clallam,No,2043,97.1,1983,16.7,191,7.2,36,17.6,359,7,142
WA,Cowlitz,Yes,4509,13.3,602,5.2,231,2.8,41,5.4,245,0.3,15
WA,Ferry,No,2750,59.3,1631,13.1,356,4,41,17.1,470,6.2,170
WA,Grays Harbor,No,1167,100,1167,28.2,325,8.2,29,37.5,438,5.1,59
WA,Island,Yes,3783,100,3783,7.1,269,2.8,41,26,985,10.8,408
WA,Kitsap,Yes,4663,22.4,1045,6.1,281,1.8,36,5.1,238,1.3,60
WA,Kittitas,Yes,5929,52.5,3112,34.3,1429,5.6,106,7.4,437,1.1,67
WA,Klickitat,No,8238,18.8,1546,3.3,269,0.7,23,5.2,430,2.4,199
WA,Okanogan,No,6818,24.3,1659,5.8,388,0.9,25,5.9,400,3.3,224
WA,Pacific,Yes,1317,70.8,932,13.1,171,9,61,12.7,167,16.5,218
WA,Pend Oreille,No,2470,60,1483,10.4,258,2.3,22,16.2,399,8.1,201
WA,Skagit,Yes,2384,67.6,1613,7.4,173,7.3,74,16.9,403,13.3,317
WA,Snohomish,Yes,5607,57.2,3209,18.9,1047,10.9,228,18,1009,3.9,220
WA,Spokane,Yes,4571,38,1735,9.5,427,3.7,67,11.4,520,3.9,177
WA,Stevens,No,7066,29.2,2063,6.5,460,1.3,37,7.3,517,4.3,304
WA,Walla Walla,Yes,7735,20.5,1584,3,206,2,58,4.6,353,3.9,298
WA,Whatcom,No,6410,12.2,781,2,125,0.1,2,3.2,204,1,63
WA,Whitman,Yes,2184,100,2184,24.2,115,5.9,11,6.1,134,0.2,4
WA,Yakima,Yes,3905,23.5,919,4.9,189,2.6,50,3.1,122,3.4,135
WV,Braxton,No,5408,42.5,2301,10.4,503,5.6,111,9.9,536,7.2,391
WV,Cabell,Yes,2647,100,2647,76.5,865,13.3,71,2,52,1.3,35
WV,Gilmer,No,4897,13,637,2.5,122,0.8,16,2.9,142,1.7,83
WV,Greenbrier,No,4137,25.5,1056,7.2,297,2,33,6.1,254,3.7,152
WV,Kanawha,Yes,1566,100,1566,30,482,33.3,254,22.7,356,16.5,258
WV,Mingo,No,4281,12.6,539,4.7,200,1.6,27,3,127,1.4,61
WV,Monongalia,Yes,5625,10.1,570,2.6,136,0.6,16,1.6,90,1.4,78
WV,Preston,No,4089,22.5,918,5.4,219,1.5,22,5.3,215,3.7,150
WV,Raleigh,Yes,3712,16.1,596,5.2,190,2.9,51,4.9,181,2.9,109
WV,Upshur,Yes,4155,36.1,1500,9.1,367,2.8,48,11.7,486,4.8,197
WV,Wetzel,No,4406,56.2,2478,12.7,552,5.7,97,13.9,612,8.2,360
WI,Ashland,No,2981,32,954,6.1,180,2.6,29,14.3,427,2,59
WI,Bayfield,No,1670,46.2,772,5.2,86,1.4,10,8.9,149,9.3,155
WI,Burnett,No,3951,24,949,2,80,0.8,14,3.4,136,7.7,304
WI,Dane,Yes,5018,13,655,2.2,109,1.1,22,4,201,0.4,21
WI,Eau Claire,Yes,5401,73.8,3987,15.1,796,7.7,171,23,1241,5.5,298
WI,Forest,No,1444,41.5,600,4.9,71,1.8,11,4.9,71,13.4,194
WI,Iowa,No,3223,22.6,730,1.9,61,0.9,11,5.7,185,3.5,114
WI,Juneau,No,2727,83.1,2266,9.9,268,4.6,49,23.2,634,12.1,331
WI,Kenosha,Yes,4633,100,4633,11.1,383,9.6,137,20.4,944,8.9,412
WI,La Crosse,Yes,5109,82,4191,18.2,900,13.3,304,17.8,910,10.7,549
WI,Langlade,No,2906,95.1,2765,8.7,252,4.9,65,17.2,500,22.1,642
WI,Manitowoc,Yes,5581,33.2,1851,4.1,222,1.1,25,9.7,544,5.2,289
WI,Marathon,Yes,4832,100,4832,15.7,757,23.8,540,23.2,1122,21.8,1054
WI,Marinette,No,5021,69.9,3511,6.9,305,3.4,63,13.2,665,11.1,560
WI,Milwaukee,Yes,8394,35.7,2994,5,409,7.1,289,5.8,486,10.3,863
WI,Oconto,No,2403,44.5,1070,4.3,102,1.7,18,8.4,202,10.3,248
WI,Outagamie,Yes,3267,26.2,857,4.1,103,5.7,65,2.9,94,2.9,95
WI,Price,No,2581,55.8,1441,3.8,98,1.2,13,13.2,341,7.5,193
WI,Racine,Yes,6284,52.9,3325,10.2,574,7.2,165,14.6,917,5.9,372
WI,Sawyer,No,3255,28.5,927,3,98,0.3,4,5.8,188,5.9,191
WI,Shawano,No,3974,36.1,1433,3.7,144,1.3,20,10.2,407,4.8,190
WI,Vilas,No,4311,44.5,1917,3.5,146,2,37,8.3,356,11.7,503
WI,Walworth,Yes,9632,39,3757,13.3,821,3.6,96,4.9,471,3.7,354
WI,Washburn,No,2973,56,1664,5.8,172,4,47,12,357,10.7,319
WI,Waukesha,Yes,1859,100,1859,20.7,368,32.1,357,11.1,207,20.9,389
WY,Goshen,No,2900,59.4,1721,10.7,297,0.4,5,15,436,7.9,230
WY,Laramie,Yes,3810,82.3,3134,13.1,494,8.6,138,22.8,868,8.4,320
WY,Natrona,Yes,3692,70.3,2594,21.6,783,12.2,218,17.1,632,13,480
WY,Niobrara,No,2407,24.2,582,3.7,86,0.8,8,5.5,133,4.1,99
